1658770882.0721278;4273
1658770882.0829616;4273
1658770882.0937269;4270
1658770882.1044946;4272
1658770882.1152596;4273
1658770882.1260264;4275
1658770882.1367924;4272
1658770882.1475592;4271
1658770882.1583264;4275
1658770882.169089;4275
1658770882.1798573;4279
1658770882.1906383;4270
1658770882.2014065;4275
1658770882.2121725;4277
1658770882.2229383;4276
1658770882.2337034;4271
1658770882.244469;4274
1658770882.2552345;4274
1658770882.26601;4276
1658770882.276775;4273
1658770882.2875478;4271
1658770882.2983227;4274
1658770882.3090913;4269
1658770882.319859;4276
1658770882.3306243;4267
1658770882.3413887;4277
1658770882.352158;4267
1658770882.3629224;4273
1658770882.373696;4273
1658770882.3844624;4275
1658770882.3952286;4271
1658770882.405995;4269
1658770882.4167619;4276
1658770882.4275284;4275
1658770882.4382956;4280
1658770882.449061;4267
1658770882.4598505;4274
1658770882.470617;4275
1658770882.4813826;4276
1658770882.4921553;4268
1658770882.502922;4273
1658770882.5136857;4278
1658770882.5244477;4274
1658770882.5352223;4271
1658770882.5459874;4273
1658770882.5567534;4277
1658770882.567519;4272
1658770882.5782845;4272
1658770882.5890503;4266
1658770882.599916;4276
1658770882.6107078;4267
1658770882.6217678;4276
1658770882.6328218;4273
1658770882.6438751;4278
1658770882.6549299;4272
1658770882.6659842;4274
1658770882.677036;4274
1658770882.6880875;4275
1658770882.6991422;4278
1658770882.710274;4274
1658770882.721355;4274
1658770882.732572;4275
1658770882.7437785;4277
1658770882.7549875;4274
1658770882.7662094;4276
1658770882.777419;4274
1658770882.7886624;4274
1658770882.7999654;4276
1658770882.811216;4268
1658770882.8224254;4274
1658770882.8336358;4275
1658770882.8448408;4273
1658770882.8560474;4281
1658770882.8672574;4270
1658770882.8784735;4279
1658770882.8896837;4274
1658770882.9009233;4277
1658770882.912165;4269
1658770882.9233754;4276
1658770882.9345994;4268
1658770882.9458091;4276
1658770882.9570198;4279
1658770882.968227;4270
1658770882.979436;4275
1658770882.9906466;4275
1658770883.0018537;4278
1658770883.0131085;4274
1658770883.0243194;4274
1658770883.035526;4276
1658770883.0467505;4273
1658770883.0579612;4276
1658770883.0691702;4269
1658770883.080377;4279
1658770883.091581;4272
1658770883.1027906;4280
1658770883.1140444;4272
1658770883.1252573;4276
1658770883.136467;4276
1658770883.1476753;4275
1658770883.1588783;4278
1658770883.170098;4274
1658770883.1812994;4274
1658770883.1925242;4267
1658770883.203733;4274
1658770883.2149746;4273
1658770883.2261858;4277
1658770883.237396;4276
1658770883.248605;4275
1658770883.2598603;4276
1658770883.2710733;4276
1658770883.2822828;4274
1658770883.293493;4274
1658770883.3047137;4275
1658770883.315957;4276
1658770883.3271692;4268
1658770883.338378;4279
1658770883.3495862;4266
1658770883.360828;4277
1658770883.3720355;4273
1658770883.383244;4276
1658770883.3944526;4275
1658770883.4056613;4278
1658770883.4169044;4275
1658770883.4281313;4273
1658770883.4393415;4274
1658770883.450549;4270
1658770883.4617562;4276
1658770883.4729643;4272
1658770883.4841704;4275
1658770883.4953933;4273
1658770883.506604;4275
1658770883.5178447;4279
1658770883.5290558;4275
1658770883.5402625;4276
1658770883.5514762;4277
1658770883.5627024;4278
1658770883.5739112;4281
1658770883.5862403;4273
1658770883.597471;4279
1658770883.6086829;4270
1658770883.6199799;4276
1658770883.6311913;4274
1658770883.6423962;4275
1658770883.6536047;4273
1658770883.6648126;4276
1658770883.6760192;4274
1658770883.6872277;4276
1658770883.6984313;4274
1658770883.7096388;4272
1658770883.7209127;4278
1658770883.732124;4271
1658770883.7433326;4273
1658770883.7545402;4276
1658770883.7657459;4276
1658770883.7769613;4277
1658770883.7881644;4272
1658770883.7993724;4280
1658770883.8105817;4275
1658770883.8218217;4278
1658770883.8330324;4273
1658770883.8442383;4276
1658770883.8554459;4276
1658770883.8666544;4277
1658770883.8778582;4282
1658770883.8890693;4275
1658770883.90028;4279
1658770883.9114883;4274
1658770883.922729;4275
1658770883.933938;4271
1658770883.9451451;4275
1658770883.9563544;4274
1658770883.9675608;4276
1658770883.978767;4283
1658770883.989975;4271
1658770884.0011828;4281
1658770884.012394;4275
1658770884.0236425;4280
1658770884.0348566;4279
1658770884.0460682;4275
1658770884.0572736;4277
1658770884.0684822;4268
1658770884.0796885;4282
1658770884.09094;4276
1658770884.10215;4277
1658770884.1133566;4279
1658770884.1245975;4278
1658770884.1358118;4276
1658770884.1470215;4275
1658770884.1582315;4279
1658770884.1694384;4274
1658770884.180649;4280
1658770884.1918523;4274
1658770884.203056;4275
1658770884.2142632;4277
1658770884.2255037;4277
1658770884.236716;4278
1658770884.247927;4274
1658770884.2591367;4276
1658770884.270346;4270
1658770884.2815542;4277
1658770884.292768;4277
1658770884.3039753;4276
1658770884.3151839;4270
1658770884.3264248;4279
1658770884.337637;4280
1658770884.3488412;4279
1658770884.360054;4277
1658770884.3712559;4276
1658770884.382464;4277
1658770884.3936725;4277
1658770884.404879;4277
1658770884.4160855;4275
1658770884.4273245;4276
1658770884.4385355;4278
1658770884.4497464;4277
1658770884.4609551;4281
1658770884.4721634;4279
1658770884.4833739;4280
1658770884.4945831;4276
1658770884.505793;4272
1658770884.5170019;4276
1658770884.5282438;4265
1658770884.5394557;4279
1658770884.5506692;4272
1658770884.5618737;4278
1658770884.5730834;4279
1658770884.5842948;4278
1658770884.5954993;4277
1658770884.6067114;4274
1658770884.6179204;4282
1658770884.629162;4273
1658770884.6403725;4277
1658770884.651582;4278
1658770884.66279;4271
1658770884.6739995;4278
1658770884.6852093;4278
1658770884.6964157;4279
1658770884.7076232;4277
1658770884.7188292;4281
1658770884.730073;4270
1658770884.7412825;4280
1658770884.752493;4274
1658770884.763702;4276
1658770884.7749078;4277
1658770884.7861178;4279
1658770884.7973266;4282
1658770884.808534;4278
1658770884.8197427;4276
1658770884.830984;4267
1658770884.8421922;4276
1658770884.8534055;4277
1658770884.8646157;4271
1658770884.8758247;4276
1658770884.8870337;4277
1658770884.8982441;4279
1658770884.9094539;4271
1658770884.920663;4278
1658770884.931904;4277
1658770884.943115;4278
1658770884.9543262;4274
1658770884.965541;4275
1658770884.976753;4278
1658770884.9879634;4279
1658770884.9991698;4283
1658770885.0103834;4276
1658770885.021592;4277
1658770885.0328329;4272
1658770885.0440478;4278
1658770885.055256;4277
1658770885.0664618;4274
1658770885.0776913;4276
1658770885.088902;4273
1658770885.1001248;4280
1658770885.1113346;4274
1658770885.1225443;4276
1658770885.1337886;4276
1658770885.1450005;4277
1658770885.156209;4281
1658770885.1674166;4268
1658770885.1786242;4278
1658770885.1898975;4275
1658770885.2011108;4282
1658770885.2123206;4262
1658770885.223524;4277
1658770885.2347617;4280
1658770885.245976;4279
1658770885.2571864;4277
1658770885.2683978;4276
1658770885.2796235;4276
1658770885.290868;4274
1658770885.302078;4280
1658770885.3132858;4278
1658770885.3244936;4274
1658770885.335738;4276
1658770885.3469465;4276
1658770885.358173;4277
1658770885.3693845;4275
1658770885.3805983;4283
1658770885.3918111;4275
1658770885.4030204;4277
1658770885.4142275;4272
1658770885.4254377;4273
1658770885.4366813;4280
1658770885.4478958;4279
1658770885.459107;4283
1658770885.470317;4274
1658770885.481525;4279
1658770885.4927328;4279
1658770885.5039415;4279
1658770885.5151496;4279
1658770885.52636;4275
1658770885.5376;4273
1658770885.5488055;4277
1658770885.5600164;4276
1658770885.5712276;4272
1658770885.5824325;4277
1658770885.59367;4282
1658770885.604895;4278
1658770885.6161196;4283
1658770885.6273322;4275
1658770885.6385758;4275
1658770885.6497865;4269
1658770885.6609974;4277
1658770885.6722088;4266
1658770885.683419;4274
1658770885.6946268;4273
1658770885.7058363;4276
1658770885.7170453;4284
1658770885.7282536;4274
1658770885.7394922;4276
1658770885.7507052;4277
1658770885.7630334;4280
1658770885.774258;4277
1658770885.7854676;4272
1658770885.796678;4275
1658770885.807886;4270
1658770885.8190994;4280
1658770885.8303077;4276
1658770885.8415124;4276
1658770885.8527222;4273
1658770885.8639297;4280
1658770885.8751404;4283
1658770885.886347;4271
1658770885.8975534;4281
1658770885.9090598;4262
1658770885.920582;4276
1658770885.9318197;4273
1658770885.9430265;4273
1658770885.9542377;4275
1658770885.965454;4279
1658770885.9766893;4275
1658770885.9879053;4277
1658770885.9991176;4277
1658770886.010331;4269
1658770886.0215406;4278
1658770886.0327494;4267
1658770886.0439997;4275
1658770886.055209;4274
1658770886.0664182;4274
1658770886.0776272;4278
1658770886.0888317;4268
1658770886.100044;4281
1658770886.1112528;4274
1658770886.1224618;4277
1658770886.1336718;4274
1658770886.144914;4275
1658770886.156125;4273
1658770886.1673348;4266
1658770886.178544;4277
1658770886.189755;4273
1658770886.2009628;4277
1658770886.212178;4273
1658770886.2234502;4279
1658770886.2346697;4275
1658770886.2459168;4274
1658770886.257136;4274
1658770886.2683506;4269
1658770886.2795548;4278
1658770886.2908254;4271
1658770886.3020384;4275
1658770886.3132467;4276
1658770886.3244576;4276
1658770886.33567;4277
1658770886.3469102;4272
1658770886.3581238;4275
1658770886.3693357;4266
1658770886.380548;4275
1658770886.3917542;4268
1658770886.4029639;4275
1658770886.4141748;4269
1658770886.4253848;4279
1658770886.4365923;4277
1658770886.4478362;4273
1658770886.4590492;4276
1658770886.4702635;4275
1658770886.4814713;4274
1658770886.4926822;4272
1658770886.5038939;4274
1658770886.5151074;4273
1658770886.5263174;4275
1658770886.5375254;4276
1658770886.5487661;4269
1658770886.5599818;4278
1658770886.5711892;4270
1658770886.5823982;4275
1658770886.593605;4281
1658770886.6048098;4274
1658770886.6160185;4270
1658770886.6272352;4269
1658770886.6384435;4274
1658770886.6496873;4274
1658770886.6609468;4274
1658770886.672156;4272
1658770886.6833613;4276
1658770886.6945674;4277
1658770886.7057936;4270
1658770886.717006;4274
1658770886.7282312;4268
1658770886.739444;4278
1658770886.7506592;4274
1658770886.7618685;4274
1658770886.7730799;4276
1658770886.7842884;4275
1658770886.7954972;4281
1658770886.806709;4271
1658770886.817918;4280
1658770886.8291252;4271
1658770886.8403316;4280
1658770886.8515804;4275
1658770886.8627946;4275
1658770886.8740168;4274
1658770886.8852277;4277
1658770886.8964376;4279
1658770886.9076483;4272
1658770886.9188578;4275
1658770886.93007;4270
1658770886.9412768;4276
1658770886.9525201;4272
1658770886.9637332;4274
1658770886.9749427;4270
1658770886.9861538;4272
1658770886.9973624;4275
1658770887.0085754;4275
1658770887.0197868;4276
1658770887.0310068;4274
1658770887.0422187;4276
1658770887.053462;4276
1658770887.0646741;4273
1658770887.0758836;4269
1658770887.0870924;4266
1658770887.0982978;4276
1658770887.109506;4273
1658770887.1207454;4277
1658770887.1319551;4273
1658770887.1431646;4275
1658770887.1544056;4276
1658770887.1656175;4274
1658770887.1768274;4280
1658770887.1880388;4274
1658770887.1992471;4275
1658770887.210462;4274
1658770887.2216709;4272
1658770887.2328815;4270
1658770887.2440906;4275
1658770887.2553325;4276
1658770887.2665415;4268
1658770887.2777524;4276
1658770887.2889636;4268
1658770887.3001745;4276
1658770887.3113778;4272
1658770887.3225894;4274
1658770887.333799;4267
1658770887.345;4276
1658770887.356241;4275
1658770887.367453;4272
1658770887.378662;4270
1658770887.3899143;4273
1658770887.4011254;4277
1658770887.4123385;4270
1658770887.4235475;4274
1658770887.4347572;4277
1658770887.445968;4272
1658770887.4572093;4278
1658770887.4684215;4267
1658770887.4796317;4278
1658770887.4908745;4270
1658770887.5020828;4278
1658770887.5132914;4271
1658770887.524502;4268
1658770887.5357096;4277
1658770887.5469196;4272
1658770887.558162;4277
1658770887.5693722;4272
1658770887.5805821;4270
1658770887.5917878;4266
1658770887.6029973;4277
1658770887.6142058;4273
1658770887.6254115;4271
1658770887.636626;4272
1658770887.6478357;4268
1658770887.6590788;4274
1658770887.6702917;4272
1658770887.6815026;4274
1658770887.692711;4275
1658770887.70392;4273
1658770887.7151258;4281
1658770887.7263353;4272
1658770887.7375453;4276
1658770887.7487528;4267
1658770887.7599964;4277
1658770887.771207;4274
1658770887.7824228;4275
1658770887.7936275;4274
1658770887.8048327;4276
1658770887.8160372;4281
1658770887.8272405;4274
1658770887.8384447;4277
1658770887.849645;4274
1658770887.8609335;4277
1658770887.8721423;4270
1658770887.8833516;4272
1658770887.8945577;4270
1658770887.9057622;4273
1658770887.9169657;4279
1658770887.928171;4274
1658770887.9462657;4270
1658770887.9575799;4279
1658770887.9688454;4267
1658770887.9800532;4280
1658770887.9912581;4280
1658770888.0024652;4276
1658770888.0136697;4273
1658770888.0248737;4268
1658770888.0360727;4276
1658770888.0472755;4276
1658770888.0584805;4278
1658770888.0698326;4276
1658770888.0810468;4279
1658770888.092251;4279
1658770888.1034553;4275
1658770888.1146579;4275
1658770888.1258628;4270
1658770888.137063;4275
1658770888.148266;4276
1658770888.1594775;4274
1658770888.170719;4267
1658770888.181924;4279
1658770888.1931262;4272
1658770888.2043796;4274
1658770888.2156065;4269
1658770888.226813;4270
1658770888.2380185;4274
1658770888.2492237;4274
1658770888.2604268;4278
1658770888.2716706;4271
1658770888.2828724;4272
1658770888.2940767;4274
1658770888.3052802;4276
1658770888.3164845;4276
1658770888.3276887;4267
1658770888.3388927;4275
1658770888.350096;4272
1658770888.361301;4272
1658770888.3725405;4272
1658770888.3837488;4271
1658770888.3949578;4279
1658770888.406162;4271
1658770888.4173646;4276
1658770888.4285698;4268
1658770888.4397724;4276
1658770888.4509778;4274
1658770888.4621813;4275
1658770888.4734287;4272
1658770888.4846387;4269
1658770888.495845;4275
1658770888.5070498;4274
1658770888.518256;4278
1658770888.5294595;4276
1658770888.5406654;4279
1658770888.5518682;4277
1658770888.5630724;4278
1658770888.5743117;4274
1658770888.5855167;4271
1658770888.5967185;4278
1658770888.607924;4276
1658770888.619128;4277
1658770888.630334;4274
1658770888.6415322;4278
1658770888.6527374;4280
1658770888.6639404;4277
1658770888.675177;4278
1658770888.6863856;4275
1658770888.6975918;4281
1658770888.7087984;4275
1658770888.7200038;4277
1658770888.7312064;4273
1658770888.7424095;4281
1658770888.753613;4274
1658770888.7648144;4278
1658770888.7760503;4280
1658770888.7872567;4277
1658770888.79846;4277
1658770888.8096652;4274
1658770888.820924;4276
1658770888.8321316;4268
1658770888.843332;4274
1658770888.8545349;4274
1658770888.8657413;4276
1658770888.876977;4278
1658770888.8881807;4278
1658770888.8993864;4278
1658770888.9105947;4278
1658770888.9218001;4274
1658770888.9330049;4277
1658770888.944213;4270
1658770888.9554174;4275
1658770888.966621;4279
1658770888.9778569;4279
1658770888.9890668;4276
1658770889.0002732;4282
1658770889.01148;4277
1658770889.022682;4279
1658770889.033886;4274
1658770889.0450897;4274
1658770889.0562925;4277
1658770889.0674982;4275
1658770889.0787349;4277
1658770889.0899394;4275
1658770889.101143;4278
1658770889.1123471;4279
1658770889.123551;4277
1658770889.134755;4276
1658770889.1459587;4270
1658770889.1571581;4281
1658770889.1683614;4277
1658770889.179599;4279
1658770889.1908586;4272
1658770889.202063;4281
1658770889.2132678;4280
1658770889.224473;4279
1658770889.2356791;4276
1658770889.2468839;4277
1658770889.25809;4279
1658770889.269294;4276
1658770889.28053;4277
1658770889.2917356;4271
1658770889.3029392;4274
1658770889.3141432;4275
1658770889.3253484;4272
1658770889.336552;4280
1658770889.3477502;4271
1658770889.358954;4279
1658770889.3701582;4277
1658770889.381393;4278
1658770889.3925958;4277
1658770889.4038033;4274
1658770889.4150069;4277
1658770889.4262104;4278
1658770889.4374151;4281
1658770889.4486194;4271
1658770889.4598691;4279
1658770889.4710763;4281
1658770889.4823148;4278
1658770889.4935193;4276
1658770889.5047252;4270
1658770889.5159311;4281
1658770889.5271347;4277
1658770889.5383394;4279
1658770889.5495462;4276
1658770889.560786;4276
1658770889.5719903;4278
1658770889.583226;4272
1658770889.5944293;4266
1658770889.6056316;4269
1658770889.6168365;4280
1658770889.6280406;4275
1658770889.6392446;4279
1658770889.6504471;4265
1658770889.6616495;4278
1658770889.672851;4281
1658770889.684092;4279
1658770889.6952996;4277
1658770889.7065043;4274
1658770889.7177088;4278
1658770889.728912;4273
1658770889.7401185;4278
1658770889.751323;4268
1658770889.762527;4276
1658770889.7737305;4282
1658770889.7849674;4276
1658770889.7964609;4273
1658770889.8079536;4270
1658770889.8191805;4280
1658770889.83039;4276
1658770889.8415985;4276
1658770889.852805;4274
1658770889.8640077;4270
1658770889.8752105;4280
1658770889.8864603;4272
1658770889.8976672;4277
1658770889.908894;4269
1658770889.9201062;4279
1658770889.931308;4278
1658770889.9425151;4276
1658770889.9537225;4271
1658770889.9649282;4267
1658770889.976135;4275
1658770889.9873767;4267
1658770889.9985833;4277
1658770890.0097923;4277
1658770890.0210001;4275
1658770890.0322;4274
1658770890.0434043;4275
1658770890.0546076;4274
1658770890.0658112;4275
1658770890.0770128;4277
1658770890.0882523;4272
1658770890.0994556;4278
1658770890.110662;4272
1658770890.123008;4270
1658770890.1342254;4276
1658770890.1454287;4273
1658770890.1566331;4276
1658770890.1678371;4268
1658770890.1790364;4277
1658770890.1902847;4272
1658770890.201489;4273
1658770890.2126927;4274
1658770890.2238991;4275
1658770890.2351024;4276
1658770890.2463064;4274
1658770890.25751;4277
1658770890.2687137;4271
1658770890.2799182;4276
1658770890.2911553;4279
1658770890.3023624;4276
1658770890.3135674;4268
1658770890.3247676;4273
1658770890.3359694;4279
1658770890.347168;4274
1658770890.3583705;4275
1658770890.3695753;4271
1658770890.3809125;4280
1658770890.3921518;4271
1658770890.4033623;4277
1658770890.414568;4271
1658770890.4257715;4271
1658770890.436971;4277
1658770890.4481769;4274
1658770890.4593801;4275
1658770890.4705834;4271
1658770890.4817863;4278
1658770890.4930236;4276
1658770890.5042279;4274
1658770890.5154402;4278
1658770890.5266435;4270
1658770890.5378466;4280
1658770890.5490522;4277
1658770890.5602562;4277
1658770890.571459;4270
1658770890.5826645;4270
1658770890.5938983;4276
1658770890.6051064;4276
1658770890.6163104;4278
1658770890.6275184;4276
1658770890.6387234;4276
1658770890.6499288;4279
1658770890.6611333;4276
1658770890.6723356;4274
1658770890.683534;4273
1658770890.6947684;4277
1658770890.7059739;4274
1658770890.7171772;4276
1658770890.7283812;4276
1658770890.7395844;4278
1658770890.7508404;4275
1658770890.7620544;4275
1658770890.7732613;4272
1658770890.7844641;4273
1658770890.795701;4276
1658770890.8069062;4275
1658770890.8181107;4277
1658770890.8293157;4271
1658770890.8405154;4281
1658770890.8517213;4277
1658770890.8629255;4272
1658770890.8741314;4271
1658770890.8853364;4270
1658770890.8965728;4279
1658770890.90778;4273
1658770890.9189987;4272
1658770890.930349;4273
1658770890.941576;4272
1658770890.9527836;4276
1658770890.9639904;4273
1658770890.9751945;4271
1658770890.9864006;4271
1658770890.9976468;4276
1658770891.008858;4281
1658770891.0200653;4276
1658770891.0312712;4270
1658770891.0424793;4273
1658770891.0536876;4275
1658770891.0648942;4276
1658770891.0760994;4277
1658770891.0873036;4265
1658770891.0985427;4279
1658770891.1097536;4277
1658770891.1209466;4276
1658770891.132155;4272
1658770891.1433601;4272
1658770891.1545658;4275
1658770891.1657712;4273
1658770891.1769783;4275
1658770891.1881814;4271
1658770891.199417;4280
1658770891.210628;4281
1658770891.2218301;4275
1658770891.2330346;4269
1658770891.2442396;4275
1658770891.2554455;4279
1658770891.266651;4275
1658770891.277855;4277
1658770891.2890584;4273
1658770891.3003013;4275
1658770891.311511;4272
1658770891.322715;4274
1658770891.33392;4271
1658770891.3451216;4274
1658770891.356326;4277
1658770891.3675315;4275
1658770891.3787365;4275
1658770891.3899374;4272
1658770891.4011803;4279
1658770891.412387;4279
1658770891.4235904;4275
1658770891.4347966;4271
1658770891.4459996;4273
1658770891.457205;4281
1658770891.46841;4269
1658770891.4796116;4276
1658770891.4908748;4270
1658770891.5021172;4267
1658770891.513326;4272
1658770891.5245342;4277
1658770891.5357392;4276
1658770891.5469434;4269
1658770891.5581439;4275
1658770891.569348;4276
1658770891.5805519;4276
1658770891.5917516;4269
1658770891.6029906;4270
1658770891.6142006;4282
1658770891.6254065;4272
1658770891.6366105;4274
1658770891.6478145;4270
1658770891.65902;4280
1658770891.6702263;4278
1658770891.6814315;4275
1658770891.692635;4269
1658770891.7038689;4271
1658770891.7150764;4276
1658770891.7262843;4275
1658770891.7374902;4278
1658770891.7486944;4267
1658770891.7598996;4281
1658770891.7711055;4276
1658770891.7823112;4274
1658770891.7935174;4271
1658770891.8047552;4272
1658770891.8159637;4273
1658770891.827169;4271
1658770891.838373;4276
1658770891.8495712;4276
1658770891.8608248;4274
1658770891.87203;4276
1658770891.8832335;4273
1658770891.8944387;4273
1658770891.9056773;4276
1658770891.9168847;4277
1658770891.928091;4271
1658770891.9392955;4276
1658770891.950501;4272
1658770891.9617023;4283
1658770891.9729068;4279
1658770891.9841132;4278
1658770891.9953167;4272
1658770892.0065544;4278
1658770892.01776;4280
1658770892.028962;4275
1658770892.0401695;4278
1658770892.0513732;4274
1658770892.0625746;4277
1658770892.0737793;4277
1658770892.084984;4275
1658770892.0961833;4279
1658770892.1074214;4272
1658770892.1186297;4278
1658770892.1298814;4281
1658770892.1410875;4276
1658770892.1522942;4272
1658770892.1634984;4272
1658770892.1747012;4275
1658770892.1859047;4276
1658770892.197104;4280
1658770892.2083387;4268
1658770892.2195415;4283
1658770892.2307804;4277
1658770892.2419858;4278
1658770892.2531893;4272
1658770892.264392;4279
1658770892.2755954;4277
1658770892.286799;4274
1658770892.2991188;4278
1658770892.3103783;4270
1658770892.3215866;4274
1658770892.3327923;4279
1658770892.3439918;4275
1658770892.3552015;4277
1658770892.366401;4276
1658770892.3776035;4282
1658770892.3888078;4282
1658770892.4000127;4278
1658770892.4112525;4270
1658770892.4224584;4270
1658770892.4336612;4282
1658770892.444864;4278
1658770892.456068;4280
1658770892.4672704;4271
1658770892.4784737;4281
1658770892.4896762;4275
1658770892.5010035;4279
1658770892.5122385;4274
1658770892.5234456;4274
1658770892.5346482;4281
1658770892.545849;4277
1658770892.5570524;4279
1658770892.5682557;4276
1658770892.5794585;4271
1658770892.5906591;4278
1658770892.6018617;4276
1658770892.6130974;4278
1658770892.624303;4270
1658770892.6355057;4277
1658770892.6467097;4276
1658770892.6579127;4281
1658770892.6691165;4276
1658770892.680319;4285
1658770892.6915221;4276
1658770892.7027266;4278
1658770892.7139704;4275
1658770892.7251751;4277
1658770892.7363806;4276
1658770892.747587;4276
1658770892.7587888;4276
1658770892.769996;4274
1658770892.7811992;4269
1658770892.7924013;4280
1658770892.803606;4278
1658770892.8148425;4278
1658770892.8260536;4268
1658770892.8372602;4282
1658770892.8484628;4274
1658770892.8596685;4277
1658770892.8709176;4269
1658770892.8821208;4275
1658770892.8933258;4277
1658770892.9045286;4278
1658770892.9157672;4281
1658770892.9269762;4276
1658770892.9381797;4276
1658770892.9493854;4281
1658770892.960592;4276
1658770892.9717963;4271
1658770892.9830005;4274
1658770892.9942048;4277
1658770893.005412;4279
1658770893.0166507;4278
1658770893.0278597;4270
1658770893.0390663;4277
1658770893.0502727;4281
1658770893.0614781;4276
1658770893.072681;4270
1658770893.083883;4275
1658770893.095082;4283
1658770893.1062856;4276
1658770893.1175256;4281
1658770893.128732;4272
1658770893.139933;4282
1658770893.1511362;4276
1658770893.1623397;4279
1658770893.173544;4274
1658770893.1847472;4273
1658770893.195951;4276
1658770893.2071543;4277
1658770893.2183907;4280
1658770893.2295985;4270
1658770893.2408533;4276
1658770893.252058;4282
1658770893.2632604;4275
1658770893.2744644;4276
1658770893.2856693;4274
1658770893.296874;4282
1658770893.3080776;4273
1658770893.3193178;4277
1658770893.3305268;4278
1658770893.341727;4274
1658770893.352933;4281
1658770893.3641353;4277
1658770893.375337;4282
1658770893.386534;4268
1658770893.3977368;4280
1658770893.4089386;4277
1658770893.4201772;4279
1658770893.4313843;4278
1658770893.4425893;4276
1658770893.4537954;4281
1658770893.4650004;4278
1658770893.476204;4279
1658770893.4874074;4276
1658770893.4986117;4276
1658770893.5098593;4280
1658770893.5211008;4277
1658770893.5323281;4273
1658770893.5435274;4275
1658770893.5547168;4283
1658770893.5659175;4276
1658770893.5771139;4281
1658770893.5883095;4271
1658770893.5995;4282
1658770893.610694;4282
1658770893.6219215;4278
1658770893.6331177;4274
1658770893.6443121;4276
1658770893.655507;4277
1658770893.666981;4270
1658770893.6784487;4277
1658770893.6896632;4270
1658770893.7009;4279
1658770893.7121017;4274
1658770893.723353;4274
1658770893.7345567;4274
1658770893.7457483;4274
1658770893.756948;4276
1658770893.7681432;4267
1658770893.7793386;4276
1658770893.790533;4267
1658770893.8017292;4270
1658770893.8129253;4275
1658770893.824157;4272
1658770893.8353553;4276
1658770893.8465517;4270
1658770893.857743;4274
1658770893.868939;4271
1658770893.8801355;4277
1658770893.8913283;4268
1658770893.9025252;4274
1658770893.9137218;4274
1658770893.9249523;4276
1658770893.936153;4278
1658770893.94735;4275
1658770893.9585445;4274
1658770893.9697416;4272
1658770893.9809377;4274
1658770893.9921343;4275
1658770894.0033317;4268
1658770894.0145273;4280
1658770894.0257578;4271
1658770894.0369556;4275
1658770894.0481539;4269
1658770894.0593503;4277
1658770894.0705435;4280
1658770894.0817385;4276
1658770894.0929317;4267
1658770894.1041248;4276
1658770894.1153197;4276
1658770894.1265497;4272
1658770894.137749;4276
1658770894.1489456;4272
1658770894.1601434;4279
1658770894.1713407;4275
1658770894.1825352;4266
1658770894.1937313;4273
1658770894.2049248;4273
1658770894.2161188;4275
1658770894.2273462;4275
1658770894.2385428;4273
1658770894.2497408;4276
1658770894.2609382;4279
1658770894.2721324;4274
1658770894.2833297;4274
1658770894.2945251;4273
1658770894.3057213;4268
1658770894.3169158;4276
1658770894.3281434;4274
1658770894.3393397;4276
1658770894.350535;4271
1658770894.3617306;4278
1658770894.3729262;4278
1658770894.3841286;4274
1658770894.3953252;4275
1658770894.406516;4274
1658770894.417711;4277
1658770894.4289396;4276
1658770894.4401412;4273
1658770894.4513369;4274
1658770894.4625318;4271
1658770894.4748805;4278
1658770894.486093;4266
1658770894.4972935;4277
1658770894.5084894;4272
1658770894.519684;4281
1658770894.5310702;4281
1658770894.5422704;4277
1658770894.5534663;4274
1658770894.5646613;4276
1658770894.575914;4278
1658770894.5871704;4274
1658770894.5983753;4276
1658770894.6095693;4268
1658770894.6208086;4279
1658770894.6320546;4279
1658770894.6432538;4275
1658770894.6544492;4271
1658770894.665642;4272
1658770894.6768434;4278
1658770894.6880379;4277
1658770894.6992319;4276
1658770894.710429;4274
1658770894.7216244;4267
1658770894.7328572;4279
1658770894.7440522;4274
1658770894.755248;4278
1658770894.7664385;4268
1658770894.7776349;4276
1658770894.788834;4278
1658770894.8000317;4277
1658770894.8112283;4270
1658770894.822422;4270
1658770894.8336508;4278
1658770894.844846;4274
1658770894.8560407;4277
1658770894.8672364;4271
1658770894.8784304;4276
1658770894.8896255;4275
1658770894.9009159;4275
1658770894.9121091;4271
1658770894.9233067;4274
1658770894.9345336;4278
1658770894.945735;4271
1658770894.9569294;4275
1658770894.9681273;4273
1658770894.9793222;4277
1658770894.9905179;4274
1658770895.001712;4276
1658770895.0129082;4270
1658770895.0241036;4275
1658770895.03533;4280
1658770895.0465298;4274
1658770895.0577276;4277
1658770895.068921;4269
1658770895.080126;4275
1658770895.0913157;4275
1658770895.1025112;4276
1658770895.1137042;4271
1658770895.1248996;4275
1658770895.1361318;4279
1658770895.147327;4275
1658770895.158522;4275
1658770895.169759;4275
1658770895.180955;4277
1658770895.1921513;4278
1658770895.203348;4275
1658770895.2145393;4277
1658770895.2257323;4271
1658770895.2369633;4276
1658770895.248159;4275
1658770895.2593555;4275
1658770895.2705486;4269
1658770895.2817435;4268
1658770895.292938;4279
1658770895.3041327;4275
1658770895.3153276;4276
1658770895.3265233;4274
1658770895.3377523;4279
1658770895.3489447;4276
1658770895.3601422;4275
1658770895.3713331;4268
1658770895.3825252;4269
1658770895.393729;4279
1658770895.4049263;4274
1658770895.4161203;4276
1658770895.4273121;4273
1658770895.4385405;4278
1658770895.449741;4278
1658770895.4609337;4275
1658770895.4721282;4270
1658770895.4833245;4275
1658770895.4945178;4278
1658770895.5057144;4274
1658770895.5169122;4277
1658770895.5281055;4273
1658770895.5393343;4279
1658770895.5505342;4279
1658770895.5617292;4276
1658770895.5729232;4267
1658770895.5841177;4275
1658770895.595309;4275
1658770895.6065028;4275
1658770895.6176982;4274
1658770895.628892;4274
1658770895.6403146;4277
1658770895.6515517;4278
1658770895.6627536;4275
1658770895.673952;4272
1658770895.6851492;4269
1658770895.6963432;4276
1658770895.7075388;4270
1658770895.7187352;4276
1658770895.7299318;4265
1658770895.741162;4276
1658770895.7523613;4275
1658770895.7635577;4278
1658770895.7747526;4274
1658770895.7859433;4278
1658770895.7971375;4279
1658770895.8083344;4275
1658770895.8195312;4278
1658770895.8307657;4270
1658770895.84199;4277
1658770895.853186;4278
1658770895.8643825;4274
1658770895.8755705;4275
1658770895.8868344;4269
1658770895.8980408;4283
1658770895.9092426;4280
1658770895.9204419;4277
1658770895.931632;4272
1658770895.9428673;4275
1658770895.9540646;4277
1658770895.9652607;4274
1658770895.9764555;4279
1658770895.9876504;4278
1658770895.9988456;4282
1658770896.0100453;4279
1658770896.0212357;4279
1658770896.0324318;4271
1658770896.04366;4279
1658770896.0548575;4277
1658770896.0660546;4274
1658770896.0772514;4275
1658770896.0884457;4276
1658770896.0996368;4282
1658770896.110873;4277
1658770896.1220694;4277
1658770896.1332653;4279
1658770896.144495;4274
1658770896.1556933;4283
1658770896.1668887;4275
1658770896.1780837;4279
1658770896.189279;4275
1658770896.2004719;4282
1658770896.2116675;4276
1658770896.2228675;4278
1658770896.2340615;4275
1658770896.2452898;4279
1658770896.2564898;4279
1658770896.26768;4277
1658770896.2788749;4277
1658770896.290068;4275
1658770896.301259;4276
1658770896.3124528;4281
1658770896.3236477;4276
1658770896.3348424;4270
1658770896.3460677;4275
1658770896.3572605;4282
1658770896.3684552;4269
1658770896.3796504;4278
1658770896.390883;4275
1658770896.402077;4280
1658770896.4132729;4277
1658770896.4244688;4274
1658770896.4356651;4281
1658770896.4468896;4274
1658770896.458088;4280
1658770896.4692845;4276
1658770896.4804814;4276
1658770896.491675;4274
1658770896.5028706;4279
1658770896.5140643;4279
1658770896.525262;4272
1658770896.536458;4277
1658770896.547684;4270
1658770896.5588808;4279
1658770896.570078;4281
1658770896.5812733;4277
1658770896.5924659;4274
1658770896.603662;4273
1658770896.614855;4279
1658770896.6260505;4274
1658770896.637245;4278
1658770896.6496067;4275
1658770896.660868;4281
1658770896.672056;4280
1658770896.6832588;4275
1658770896.6944566;4274
1658770896.7056515;4267
1658770896.7168484;4276
1658770896.7280412;4275
1658770896.7392378;4271
1658770896.7504733;4262
1658770896.7616684;4266
1658770896.772864;4265
1658770896.7840576;4263
1658770896.795252;4267
1658770896.8064399;4317
1658770896.8176348;4387
1658770896.828831;4593
1658770896.8400204;4772
1658770896.8512478;4979
1658770896.862444;5560
1658770896.8736367;5997
1658770896.8848329;6285
1658770896.8960285;6649
1658770896.9072235;7458
1658770896.9184194;8510
1658770896.9296148;11281
1658770896.940849;13038
1658770896.9520726;14821
1658770896.963272;17591
1658770896.974464;17854
1658770896.985662;17050
1658770896.9968574;13170
1658770897.008054;10950
1658770897.0192475;9027
1658770897.0304422;6270
1658770897.0416338;5392
1658770897.052859;4755
1658770897.064057;4173
1658770897.0752525;4204
1658770897.0864456;4202
1658770897.097636;4260
1658770897.1088316;4356
1658770897.120027;4537
1658770897.1312225;4965
1658770897.1424174;5253
1658770897.153646;5593
1658770897.164845;6415
1658770897.1760411;6472
1658770897.187237;6879
1658770897.198433;8998
1658770897.2096267;10435
1658770897.2208588;12232
1658770897.232056;16368
1658770897.24325;18220
1658770897.2544765;19268
1658770897.2656746;17452
1658770897.276872;15043
1658770897.2880661;12372
1658770897.2992618;8212
1658770897.3104537;6785
1658770897.3216496;5753
1658770897.3328466;4434
1658770897.3440368;4190
1658770897.3552659;4197
1658770897.3664672;4245
1658770897.3776658;4371
1658770897.3888617;4548
1658770897.400059;5047
1658770897.411255;5383
1658770897.4224494;6342
1658770897.4336472;6605
1658770897.4448423;6837
1658770897.4560702;8974
1658770897.467262;10500
1658770897.4784563;12356
1658770897.4896517;16636
1658770897.5008821;18203
1658770897.512079;18721
1658770897.5232744;15854
1658770897.5394986;10749
1658770897.551005;8652
1658770897.5622702;7054
1658770897.5734692;5030
1658770897.584667;4445
1658770897.5958593;4174
1658770897.6070588;4200
1658770897.6182542;4212
1658770897.6294518;4255
1658770897.640657;4583
1658770897.6519082;4802
1658770897.6631594;5092
1658770897.6743574;5872
1658770897.685559;6390
1658770897.6967554;6619
1658770897.7079525;7741
1658770897.7191408;8983
1658770897.7303529;10535
1658770897.7415478;14641
1658770897.7527452;16925
1658770897.7639802;18790
1658770897.7751782;19205
1658770897.7863748;17328
1658770897.7975707;14703
1658770897.8087678;9588
1658770897.8199615;7767
1658770897.831158;6405
1658770897.842348;4752
1658770897.8535428;4281
1658770897.864772;4191
1658770897.8759706;4205
1658770897.887167;4237
1658770897.8983626;4347
1658770897.909559;4744
1658770897.9207945;5009
1658770897.9319906;5314
1658770897.9431844;6202
1658770897.95438;6464
1658770897.965609;6624
1658770897.9768038;8542
1658770897.988003;9994
1658770897.9991996;11728
1658770898.0103996;15979
1658770898.0215964;17920
1658770898.0327947;19101
1658770898.0439904;17364
1658770898.055189;14872
1658770898.0664217;9783
1658770898.0776188;7925
1658770898.0888174;6539
1658770898.1000154;4817
1658770898.1112125;4305
1658770898.1224086;4187
1658770898.1336043;4209
1658770898.1448011;4266
1658770898.155998;4402
1658770898.1672268;4822
1658770898.1784267;5109
1658770898.1896217;5459
1658770898.2008584;6388
1658770898.2120566;6580
1658770898.2232518;6999
1658770898.2344499;9334
1658770898.2456484;11006
1658770898.2568545;12958
1658770898.268083;17274
1658770898.2792811;18578
1658770898.2904782;18589
1658770898.301675;14779
1658770898.312872;12130
1658770898.324068;9747
1658770898.3352587;6430
1658770898.34645;5420
1658770898.3576434;4705
1658770898.3688784;4190
1658770898.3800786;4194
1658770898.3912745;4202
1658770898.4024692;4321
1658770898.413665;4507
1658770898.4248598;4704
1658770898.4360504;5299
1658770898.4472458;5693
1658770898.4584417;6191
1658770898.4696717;6699
1658770898.4809036;7353
1658770898.4921007;8451
1658770898.503299;11655
1658770898.514494;13752
1658770898.525691;16066
1658770898.5368853;19535
1658770898.5480816;19561
1658770898.559278;18137
1658770898.5705078;12953
1658770898.5817044;10398
1658770898.592897;8361
1658770898.6040947;5747
1658770898.6152914;4959
1658770898.626487;4408
1658770898.6376815;4193
1658770898.6488762;4198
1658770898.6600766;4293
1658770898.671305;4448
1658770898.6825812;4645
1658770898.6938124;5175
1658770898.7050138;5531
1658770898.7162085;5997
1658770898.727405;6487
1658770898.7386012;6980
1658770898.7498806;7949
1658770898.761081;10870
1658770898.772312;12761
1658770898.7835073;14869
1658770898.7947023;18624
1658770898.8058972;19115
1658770898.817093;18173
1658770898.829468;13351
1658770898.8406756;10812
1658770898.851876;8714
1658770898.8630698;5941
1658770898.8743026;5113
1658770898.8854942;4510
1658770898.8966882;4191
1658770898.9078805;4196
1658770898.9190729;4223
1658770898.9302654;4484
1658770898.9414563;4682
1658770898.9526494;4927
1658770898.9638426;5621
1658770898.9750714;6139
1658770898.9862616;6640
1658770898.9974704;7401
1658770899.0086656;8513
1658770899.0199418;11797
1658770899.031136;13875
1658770899.0423315;16099
1658770899.0535262;18767
1658770899.0647182;18133
1658770899.0759478;16242
1658770899.087146;11062
1658770899.0983334;8890
1658770899.1095288;7188
1658770899.1207538;5081
1658770899.131945;4468
1658770899.1431372;4168
1658770899.1543314;4198
1658770899.1655247;4202
1658770899.176749;4262
1658770899.1879416;4583
1658770899.199136;4806
1658770899.2103293;5086
1658770899.2215202;5887
1658770899.232714;6402
1658770899.2439063;6610
1658770899.2550988;7763
1658770899.2662976;8992
1658770899.2775238;10556
1658770899.2887201;14620
1658770899.2999153;16866
1658770899.3111072;18706
1658770899.3223004;18884
1658770899.3334944;16977
1658770899.3446844;14324
1658770899.3558743;9371
1658770899.3670678;7553
1658770899.3782947;6232
1658770899.3894916;4667
1658770899.4006865;4226
1658770899.4118807;4183
1658770899.4230747;4196
1658770899.4342687;4245
1658770899.4454637;4350
1658770899.456658;4741
1658770899.4678512;4995
1658770899.4790764;5318
1658770899.490283;6197
1658770899.501545;6418
1658770899.512756;6561
1658770899.5239468;8431
1658770899.5351424;9824
1658770899.546336;11575
1658770899.5575309;15734
1658770899.5687246;17728
1658770899.5799646;18841
1658770899.5911572;17352
1658770899.602353;14886
1658770899.6135473;9862
1658770899.6247413;7973
1658770899.6359358;6546
1658770899.6471267;4842
1658770899.658381;4318
1658770899.6695812;4181
1658770899.680854;4204
1658770899.6920536;4253
1658770899.7032504;4379
1658770899.714444;4785
1658770899.7256422;5046
1658770899.7368388;5378
1658770899.7480361;6309
1658770899.7592328;6513
1658770899.7704313;6818
1658770899.7816658;9008
1658770899.7928557;10569
1658770899.8040626;12528
1658770899.8152611;16828
1658770899.8264563;18462
1658770899.8376513;18863
1658770899.8488429;15529
1658770899.8600392;12846
1658770899.8712301;10342
1658770899.8824575;6796
1658770899.8936543;5674
1658770899.9048517;4889
1658770899.9160466;4188
1658770899.9272428;4191
1658770899.9384365;4208
1658770899.9496331;4299
1658770899.9608684;4453
1658770899.9720652;4655
1658770899.9832945;5217
1658770899.994501;5594
1658770900.005701;6092
1658770900.0168927;6623
1658770900.028088;7115
1658770900.0392835;8185
1658770900.0504816;11166
1658770900.0616775;13204
1658770900.0728743;15429
1658770900.0841038;19008
1658770900.095302;19281
1658770900.106497;18100
1658770900.11769;13120
1658770900.1288865;10563
1658770900.1400816;8516
1658770900.151275;5794
1658770900.1624718;5007
1658770900.1736662;4187
1658770900.1848965;4188
1658770900.196093;4199
1658770900.2072866;4277
1658770900.2184825;4414
1658770900.2296784;4602
1658770900.24091;5110
1658770900.252105;5449
1658770900.2633004;5881
1658770900.274496;6449
1658770900.2857218;6775
1658770900.2969213;7733
1658770900.308119;10450
1658770900.319314;12344
1658770900.3305109;14494
1658770900.3417022;18508
1658770900.3528986;19319
1658770900.364094;18663
1658770900.3752844;14055
1658770900.38651;11389
1658770900.3977082;9207
1658770900.408904;6183
1658770900.4200983;5298
1658770900.4312925;4662
1658770900.4424865;4188
1658770900.4536836;4203
1658770900.4648814;4216
1658770900.476077;4440
1658770900.4873047;4633
1658770900.4985015;4870
1658770900.5096965;5505
1658770900.520922;5977
1658770900.5321167;6412
1658770900.5433118;7066
1658770900.5545058;8129
1658770900.5657;9466
1658770900.5768924;13213
1658770900.5881193;15444
1658770900.5993114;17478
1658770900.610512;18693
1658770900.621702;17154
1658770900.6328962;14676
1658770900.6440914;9639
1658770900.6552875;7803
1658770900.6664805;6400
1658770900.6776762;4698
1658770900.688903;4248
1658770900.7001023;4197
1658770900.7112994;4212
1658770900.722495;4243
1658770900.7336898;4356
1658770900.7448843;4743
1658770900.7560792;5027
1658770900.767274;5766
1658770900.7784698;6302
1658770900.7896965;6598
1658770900.8009257;7515
1658770900.8121204;8694
1658770900.8233173;10169
1658770900.8345025;14139
1658770900.8457005;16372
1658770900.8569021;18289
1658770900.8680992;18960
1658770900.8792944;17212
1658770900.890523;14681
1658770900.9017205;9598
1658770900.9129145;7763
1658770900.92411;6373
1658770900.9353044;4716
1658770900.9464972;4261
1658770900.957692;4193
1658770900.9688864;4206
1658770900.9800808;4228
1658770900.991307;4328
1658770901.0036201;4699
1658770901.0148299;4963
1658770901.0260289;5264
1658770901.037219;6111
1658770901.0484123;6428
1658770901.0596066;6518
1658770901.0708418;8242
1658770901.082036;9619
1658770901.0932615;11301
1658770901.10446;15634
1658770901.1156523;17716
1658770901.1268456;19359
1658770901.1380408;18047
1658770901.149235;15672
1658770901.1604288;10418
1658770901.1716244;8427
1658770901.1828194;6895
1658770901.1940482;4994
1658770901.2052457;4424
1658770901.2164416;4196
1658770901.2276356;4207
1658770901.23883;4242
1658770901.2500238;4343
1658770901.2612195;4715
1658770901.272413;4987
1658770901.2836099;5291
1658770901.294838;6190
1658770901.3060412;6490
1658770901.3172364;6685
1658770901.3284318;8689
1658770901.339624;10186
1658770901.3508556;11972
1658770901.3634493;16343
1658770901.3749158;18149
1658770901.386149;18283
1658770901.3973815;16308
1658770901.4085875;13689
1658770901.4197848;8900
1658770901.430981;7245
1658770901.4421775;6005
1658770901.4533749;4513
1658770901.4646018;4182
1658770901.4758053;4198
1658770901.487003;4215
1658770901.498234;4280
1658770901.5094347;4417
1658770901.5206327;4857
1658770901.5318317;5155
1658770901.54302;5525
1658770901.5542266;6485
1658770901.5654242;6617
1658770901.576622;7008
1658770901.5878196;9311
1658770901.5990427;10939
1658770901.6102512;12870
1658770901.621447;17292
1658770901.632636;18860
1658770901.6438432;19302
1658770901.6550379;16121
1658770901.6662362;13451
1658770901.677432;10869
1658770901.6886287;7101
1658770901.6998942;5915
1658770901.7110946;5056
1658770901.722294;4182
1658770901.733488;4197
1658770901.7446833;4194
1658770901.7558794;4268
1658770901.7670746;4386
1658770901.7782698;4593
1658770901.7894695;5087
1658770901.8006978;5425
1658770901.8118954;5835
1658770901.8230908;6447
1658770901.8342876;6757
1658770901.8454726;7648
1658770901.8566692;10438
1658770901.867866;12296
1658770901.8790586;14494
1658770901.8902624;18666
1658770901.9014761;19539
1658770901.9126747;18999
1658770901.9238715;14448
1658770901.9350667;11741
1658770901.9462626;9434
1658770901.9574568;6343
1658770901.9686556;5394
1658770901.9798787;4249
1658770901.991075;4192
1658770902.0023074;4198
1658770902.0135045;4279
1658770902.0247018;4430
1658770902.0358987;4618
1658770902.0470932;5131
1658770902.0582788;5490
1658770902.069478;5936
1658770902.080683;6547
1658770902.0918677;7042
1658770902.1031013;8067
1658770902.1143;11118
1658770902.1254954;13077
1658770902.1366923;15330
1658770902.1478891;18870
1658770902.1590855;18992
1658770902.170282;17627
1658770902.181475;12545
1658770902.1926777;10114
1658770902.2039073;8150
1658770902.2151055;5620
1658770902.2263012;4850
1658770902.237498;4332
1658770902.2486935;4200
1658770902.2599156;4208
1658770902.2711022;4237
1658770902.2823014;4522
1658770902.2934957;4736
1658770902.3047252;5015
1658770902.315925;5768
1658770902.327125;6291
1658770902.3383222;6601
1658770902.3495076;7556
1658770902.360706;8714
1658770902.3719018;10220
1658770902.3830988;14159
1658770902.3942952;16449
1658770902.405522;18403
1658770902.4167097;18979
1658770902.4279075;17198
1658770902.4391048;14639
1658770902.4503014;9574
1658770902.4614966;7719
1658770902.4726913;6353
1658770902.483891;4711
1658770902.4950855;4254
1658770902.5063071;4194
1658770902.5175064;4206
1658770902.5287035;4229
1658770902.5398998;4337
1658770902.5510955;4713
1658770902.5622814;4979
1658770902.573478;5672
1658770902.5846746;6145
1658770902.59586;6444
1658770902.6070912;7287
1658770902.61829;8373
1658770902.629486;9800
1658770902.6406827;13668
1658770902.6518788;15958
1658770902.6630783;18072
1658770902.6742737;19502
1658770902.6854677;18065
1658770902.6966631;15625
1658770902.70789;10367
1658770902.7190855;8360
1658770902.7302845;6836
1658770902.7414792;4991
1658770902.7526739;4415
1658770902.7638693;4187
1658770902.7750664;4210
1658770902.7862613;4240
1658770902.7974558;4358
1658770902.8086832;4747
1658770902.8199124;5006
1658770902.8311083;5318
1658770902.8422933;6241
1658770902.8534918;6514
1658770902.8646917;6748
1658770902.87589;8815
1658770902.887086;10355
1658770902.898282;12262
1658770902.9095101;16627
1658770902.9207308;18503
1658770902.9320107;19363
1658770902.943219;16753
1658770902.9544156;14038
1658770902.9656107;11380
1658770902.976809;7437
1658770902.9880054;6153
1658770902.9992;5270
1658770903.010438;4226
1658770903.021635;4195
1658770903.0328333;4204
1658770903.0440288;4286
1658770903.0552244;4448
1658770903.0664196;4643
1658770903.0776045;5192
1658770903.0888093;5582
1658770903.1000063;6067
1658770903.1112382;6632
1658770903.1224382;7141
1658770903.1336339;8197
1658770903.1448302;11244
1658770903.1560268;13288
1658770903.1672213;17594
1658770903.179583;19042
1658770903.190828;19177
1658770903.2020247;15550
1658770903.2132626;12819
1658770903.2244594;10340
1658770903.2356544;6768
1658770903.2468472;5679
1658770903.2580428;4921
1658770903.2692378;4183
1658770903.2804346;4190
1658770903.2916272;4197
1658770903.3028212;4279
1658770903.3140502;4439
1658770903.3252468;4633
1658770903.3364472;5151
1658770903.3476326;5501
1658770903.3588262;5966
1658770903.370023;6463
1658770903.3812158;6924
1658770903.392408;7940
1658770903.4036033;10875
1658770903.414829;12902
1658770903.4260266;15108
1658770903.437212;19064
1658770903.4484065;19641
1658770903.4596033;18735
1658770903.4708316;13817
1658770903.4820285;11181
1658770903.493222;9036
1658770903.5044167;6094
1658770903.515645;5238
1658770903.5268395;4209
1658770903.5380352;4190
1658770903.5492308;4198
1658770903.5604272;4303
1658770903.5716197;4471
1658770903.5828013;4652
1658770903.5939932;5184
1658770903.6051936;5552
1658770903.6164231;6042
1658770903.6276207;6541
1658770903.6388154;7188
1658770903.650013;8277
1658770903.6612082;11370
1658770903.6724026;13480
1658770903.6835973;15679
1658770903.6947927;19134
1658770903.7059877;19111
1658770903.7172139;17648
1658770903.7284098;12408
1658770903.7396052;9996
1658770903.7508395;8100
1658770903.7620373;5571
1658770903.7732337;4854
1658770903.7844272;4316
1658770903.795623;4199
1658770903.8068166;4202
1658770903.8180442;4255
1658770903.8292413;4561
1658770903.8404331;4784
1658770903.8516276;5075
1658770903.862825;5868
1658770903.874019;6399
1658770903.8852127;6594
1658770903.8964064;7747
1658770903.907601;8964
1658770903.9188306;10511
1658770903.9300327;14610
1658770903.9412203;16743
1658770903.9524138;18482
1658770903.9636118;18419
1658770903.9748068;16446
1658770903.9860013;13785
1658770903.997197;8978
1658770904.0083933;7284
1658770904.0196223;6025
1658770904.0308552;4541
1658770904.0420516;4196
1658770904.053249;4191
1658770904.0644433;4197
1658770904.07564;4252
1658770904.0868363;4359
1658770904.0980217;4774
1658770904.1092222;5042
1658770904.120455;5367
1658770904.1316516;6258
1658770904.142848;6451
1658770904.1540432;7496
1658770904.1652384;8677
1658770904.176435;10161
1658770904.1876287;14169
1658770904.1988237;16420
1658770904.2100208;18384
1658770904.2212481;19236
1658770904.232447;17565
1658770904.2436419;14966
1658770904.2548373;9854
1658770904.2660336;7975
1658770904.2772336;6572
1658770904.28843;4865
1658770904.2996233;4335
1658770904.3108594;4186
1658770904.3220875;4200
1658770904.3332846;4260
1658770904.3444674;4376
1658770904.355666;4779
1658770904.3668609;5039
1658770904.378056;5360
1658770904.3892505;6296
1658770904.4004478;6500
1658770904.4116428;6779
1658770904.4228685;8939
1658770904.4340665;10501
1658770904.4452615;12402
1658770904.4564466;16773
1658770904.4676447;18531
1658770904.4788392;19302
1658770904.490035;16515
1658770904.5012295;13818
1658770904.5124254;11203
1658770904.5236528;7361
1658770904.5348516;6103
1658770904.5460482;5202
1658770904.557243;4213
1658770904.5684383;4191
1658770904.5796351;4205
1658770904.5908532;4297
1658770904.6020408;4463
1658770904.61324;4649
1658770904.6244678;5209
1658770904.6356654;5607
1658770904.6468623;6095
1658770904.6580572;6624
1658770904.66925;7175
1658770904.6804507;8256
1658770904.6916506;11291
1658770904.702845;13303
1658770904.7140384;15559
1658770904.725267;18897
1658770904.736464;18965
1658770904.7476583;15310
1658770904.758854;12641
1658770904.7700477;10153
1658770904.7812438;6688
1658770904.792439;5623
1658770904.8036325;4865
1658770904.8148286;4182
1658770904.8260577;4188
1658770904.8372552;4200
1658770904.848439;4281
1658770904.8596365;4432
1658770904.8708618;4628
1658770904.8820567;5147
1658770904.8932514;5500
1658770904.904445;5940
1658770904.9156399;6468
1658770904.9268715;6903
1658770904.9380705;7892
1658770904.9492667;10822
1658770904.9604843;12767
1658770904.9716818;15030
1658770904.982878;18952
1658770904.99407;19629
1658770905.005269;18803
1658770905.016465;14033
1658770905.027692;11350
1658770905.0388908;9165
1658770905.0500908;6202
1658770905.0612872;5289
1658770905.0724826;4646
1658770905.0836763;4188
1658770905.0948641;4197
1658770905.106061;4209
1658770905.1172454;4428
1658770905.1284816;4616
1658770905.139682;4851
1658770905.1509082;5474
1658770905.1621053;5927
1658770905.1732988;6385
1658770905.1886785;6972
1658770905.2009807;9315
1658770905.2124114;10973
1658770905.2237284;12909
1658770905.2349253;17299
1658770905.2459803;18842
1658770905.2570171;19272
1658770905.2680874;15971
1658770905.2791245;13289
1658770905.2901666;10711
1658770905.301213;7057
1658770905.3122537;5900
1658770905.3232896;5072
1658770905.3344088;4191
1658770905.3454702;4189
1658770905.3578389;4202
1658770905.3690488;4320
1658770905.3802435;4488
1658770905.39143;4680
1658770905.402625;5270
1658770905.4138193;5663
1658770905.4250102;6557
1658770905.4362524;6656
1658770905.4474487;7300
1658770905.458636;9814
1658770905.46986;11552
1658770905.4810565;13549
1658770905.4922488;17793
1658770905.503441;18971
1658770905.5146325;18902
1658770905.525824;15073
1658770905.5370522;12420
1658770905.548248;10002
1658770905.5594406;6604
1658770905.570633;5572
1658770905.5818226;4841
1658770905.5930097;4184
1658770905.6041994;4181
1658770905.6153932;4196
1658770905.626581;4281
1658770905.637827;4435
1658770905.6491163;4623
1658770905.660326;5135
1658770905.671525;5487
1658770905.6827164;5927
1658770905.6939075;6463
1658770905.705102;6871
1658770905.716292;7847
1658770905.7274816;10732
1658770905.7387152;12631
1658770905.7499082;14818
1658770905.7611008;18789
1658770905.7722921;19525
1658770905.7834811;18838
1658770905.794673;14205
1658770905.8058643;11552
1658770905.8170555;9316
1658770905.8282459;6294
1658770905.839475;5362
1658770905.8506691;4708
1658770905.8618605;4185
1658770905.873052;4195
1658770905.8842406;4209
1658770905.8954303;4395
1658770905.9066277;4582
1658770905.9178176;4796
1658770905.9290075;5412
1658770905.940239;5837
1658770905.9514294;6308
1658770905.96262;6834
1658770905.973809;7771
1658770905.9849956;9009
1658770905.9961882;12467
1658770906.0073826;14566
1658770906.0185797;16780
1658770906.029766;19206
1658770906.040992;18477
1658770906.0521863;13890
1658770906.0633774;11306
1658770906.0745687;9107
1658770906.0857584;6151
1658770906.0969431;5255
1658770906.1081338;4617
1658770906.1193218;4191
1658770906.1305103;4200
1658770906.14176;4205
1658770906.1529617;4432
1658770906.1641538;4616
1658770906.1753466;4853
1658770906.1865385;5527
1658770906.1977289;5982
1658770906.2089193;6433
1658770906.2201128;6580
1658770906.2313008;7252
1658770906.242529;8135
1658770906.2537246;10315
1658770906.2649157;11565
1658770906.2761073;12886
1658770906.2872999;15254
1658770906.2984905;16034
1658770906.3096848;16394
1658770906.32092;15822
1658770906.332111;15013
1658770906.3433323;13972
1658770906.3545272;11677
1658770906.3657217;10574
1658770906.3769155;9573
1658770906.38811;7906
1658770906.3993015;7233
1658770906.4104953;6654
1658770906.4216864;5761
1658770906.4328797;5429
1658770906.4441702;5146
1658770906.4554007;4734
1658770906.4665973;4550
1658770906.4777882;4421
1658770906.4889843;4195
1658770906.5001786;4124
1658770906.5113685;4036
1658770906.5225604;3885
1658770906.5337522;3848
1658770906.5449834;3804
1658770906.5561793;3743
1658770906.567372;3719
1658770906.578563;3707
1658770906.5897498;3765
1658770906.6009407;3862
1658770906.612131;3992
1658770906.6233206;4139
1658770906.634513;4178
1658770906.6457345;4190
1658770906.6569302;4227
1658770906.6681218;4237
1658770906.6793127;4252
1658770906.6905124;4271
1658770906.7017055;4265
1658770906.7128985;4271
1658770906.7240894;4265
1658770906.7352831;4272
1658770906.7465086;4274
1658770906.7576966;4269
1658770906.7688916;4265
1658770906.7800863;4266
1658770906.7912776;4270
1658770906.8024697;4268
1658770906.8136609;4271
1658770906.8248515;4265
1658770906.836044;4272
1658770906.8472686;4270
1658770906.8584642;4267
1658770906.8696568;4263
1658770906.8808875;4264
1658770906.8920798;4277
1658770906.9032738;4265
1658770906.9144707;4270
1658770906.9256635;4262
1658770906.936855;4272
1658770906.9480793;4270
1658770906.9592724;4270
1658770906.9704635;4263
1658770906.9816554;4262
1658770906.9928484;4268
1658770907.004036;4264
1658770907.015229;4267
1658770907.0264196;4263
1658770907.0376103;4270
1658770907.0488374;4270
1658770907.0600338;4263
1658770907.0712194;4273
1658770907.082412;4256
1658770907.0935993;4270
1658770907.1047893;4263
1658770907.1159792;4258
1658770907.12717;4261
1658770907.1383595;4272
1658770907.149585;4270
1658770907.1608732;4266
1658770907.1720688;4263
1658770907.1832614;4263
1658770907.1944528;4273
1658770907.205647;4268
1658770907.2168388;4271
1658770907.2280314;4264
1658770907.2392232;4267
1658770907.2504504;4269
1658770907.261645;4263
1658770907.2728364;4268
1658770907.2840269;4262
1658770907.2952182;4268
1658770907.3064106;4264
1658770907.317603;4271
1658770907.3287938;4270
1658770907.339982;4265
1658770907.351205;4280
1658770907.3623989;4265
1658770907.3735917;4270
1658770907.3847826;4256
1658770907.395975;4272
1658770907.4071639;4271
1658770907.4183543;4268
1658770907.4295506;4267
1658770907.4407814;4270
1658770907.4520082;4271
1658770907.4632018;4267
1658770907.4743922;4272
1658770907.4855824;4268
1658770907.4967725;4276
1658770907.5079634;4271
1658770907.51915;4263
1658770907.5315123;4269
1658770907.5427198;4266
1658770907.5539536;4272
1658770907.5651479;4262
1658770907.5763395;4269
1658770907.5875287;4264
1658770907.5987127;4274
1658770907.6099076;4277
1658770907.6210973;4270
1658770907.632284;4268
1658770907.6434739;4268
1658770907.6547015;4272
1658770907.665891;4265
1658770907.6770804;4269
1658770907.688269;4270
1658770907.699454;4266
1658770907.7106426;4271
1658770907.7218301;4266
1658770907.7330174;4267
1658770907.7442126;4264
1658770907.7554379;4271
1658770907.76663;4274
1658770907.7778184;4266
1658770907.7890084;4268
1658770907.8001997;4265
1658770907.8113885;4277
1658770907.8225787;4270
1658770907.833768;4268
1658770907.844954;4264
1658770907.8561766;4273
1658770907.867369;4274
1658770907.8785536;4268
1658770907.8897433;4264
1658770907.9009314;4263
1658770907.91212;4275
1658770907.923312;4266
1658770907.9345;4268
1658770907.945687;4264
1658770907.9569106;4271
1658770907.9681022;4272
1658770907.9792905;4267
1658770907.9904873;4267
1658770908.0016778;4264
1658770908.0128684;4271
1658770908.0240548;4263
1658770908.0352457;4270
1658770908.0464346;4264
1658770908.0576608;4272
1658770908.0688546;4275
1658770908.0800452;4266
1658770908.0912309;4267
1658770908.1024265;4260
1658770908.1136148;4274
1658770908.1248064;4265
1658770908.135996;4268
1658770908.1471848;4263
1658770908.158411;4276
1658770908.1696029;4264
1658770908.1808329;4266
1658770908.1920269;4267
1658770908.2032185;4264
1658770908.21441;4271
1658770908.2256;4267
1658770908.2367897;4267
1658770908.247982;4264
1658770908.2592092;4275
1658770908.2704055;4271
1658770908.2816021;4264
1658770908.2927911;4267
1658770908.3039846;4269
1658770908.315177;4273
1658770908.3263664;4262
1658770908.3375556;4273
1658770908.348743;4269
1658770908.3599718;4268
1658770908.3711708;4271
1658770908.3823636;4265
1658770908.3935528;4270
1658770908.404744;4267
1658770908.4159358;4271
1658770908.4271271;4274
1658770908.4383204;4267
1658770908.449514;4267
1658770908.4607427;4266
1658770908.4719396;4271
1658770908.4831338;4261
1658770908.4943244;4268
1658770908.5055196;4262
1658770908.5167112;4272
1658770908.5279036;4269
1658770908.5390902;4264
1658770908.5502858;4270
1658770908.5615184;4267
1658770908.5727124;4270
1658770908.5839071;4263
1658770908.595094;4278
1658770908.606285;4266
1658770908.6174767;4273
1658770908.628669;4273
1658770908.6398942;4266
1658770908.6510873;4266
1658770908.662313;4264
1658770908.673506;4271
1658770908.6846926;4266
1658770908.695884;4266
1658770908.7070746;4263
1658770908.7182674;4272
1658770908.7294571;4271
1658770908.7406478;4263
1658770908.7518406;4266
1658770908.7630663;4264
1658770908.7742615;4270
1658770908.7854543;4261
1658770908.7966442;4266
1658770908.8078365;4261
1658770908.8190277;4268
1658770908.8302174;4274
1658770908.8414042;4266
1658770908.8525958;4268
1658770908.8638256;4263
1658770908.875019;4272
1658770908.8862123;4264
1658770908.8974032;4267
1658770908.908593;4263
1658770908.9197843;4274
1658770908.9309793;4272
1658770908.9421701;4267
1658770908.9533648;4275
1658770908.9645896;4272
1658770908.9757838;4274
1658770908.9869754;4270
1658770908.9981685;4266
1658770909.009363;4264
1658770909.0205543;4276
1658770909.031747;4273
1658770909.0432336;4267
1658770909.0547013;4266
1658770909.0659275;4265
1658770909.0771613;4270
1658770909.088355;4265
1658770909.0995471;4265
1658770909.1108892;4269
1658770909.1220815;4262
1658770909.1332798;4270
1658770909.144473;4268
1658770909.1556547;4269
1658770909.16689;4261
1658770909.1780887;4268
1658770909.1892781;4267
1658770909.2004702;4262
1658770909.2116618;4265
1658770909.222855;4259
1658770909.234049;4273
1658770909.2452407;4265
1658770909.256431;4270
1658770909.2676604;4263
1658770909.278856;4268
1658770909.2900484;4266
1658770909.301241;4262
1658770909.312428;4264
1658770909.3236167;4258
1658770909.3348086;4270
1658770909.3459964;4261
1658770909.3571868;4266
1658770909.368413;4268
1658770909.3796058;4272
1658770909.390888;4270
1658770909.4020836;4265
1658770909.4132755;4270
1658770909.4244664;4262
1658770909.435658;4268
1658770909.4468493;4257
1658770909.458042;4264
1658770909.4692683;4265
1658770909.4804664;4268
1658770909.4916575;4269
1658770909.5028486;4265
1658770909.5140405;4265
1658770909.5252326;4267
1658770909.5364242;4268
1658770909.5476153;4263
1658770909.558822;4264
1658770909.570127;4263
1658770909.5813484;4262
1658770909.5925355;4270
1658770909.603731;4263
1658770909.6149225;4270
1658770909.6261122;4261
1658770909.637302;4265
1658770909.648495;4268
1658770909.6596854;4262
1658770909.6709442;4265
1658770909.6821363;4258
1658770909.6933258;4268
1658770909.7056687;4259
1658770909.716872;4265
1658770909.728064;4259
1658770909.7392533;4268
1658770909.7504437;4269
1658770909.7616441;4260
1658770909.772878;4264
1658770909.7840703;4257
1658770909.7952595;4270
1658770909.80645;4263
1658770909.8176394;4264
1658770909.82883;4268
1658770909.8400166;4267
1658770909.8512075;4268
1658770909.8623981;4260
1658770909.873632;4262
1658770909.8848262;4261
1658770909.896015;4271
1658770909.9072046;4271
1658770909.918394;4268
1658770909.9295805;4268
1658770909.9408789;4256
1658770909.952068;4265
1658770909.963257;4263
1658770909.9744782;4263
1658770909.98567;4257
1658770909.9968615;4266
1658770910.008059;4261
1658770910.0192487;4262
1658770910.0304399;4262
1658770910.0416298;4261
1658770910.0528188;4265
1658770910.0640068;4262
1658770910.0752764;4265
1658770910.086476;4262
1658770910.0976636;4266
1658770910.1088552;4270
1658770910.1200507;4267
1658770910.1312406;4260
1658770910.1424336;4257
1658770910.1536276;4272
1658770910.1648273;4264
1658770910.1760542;4261
1658770910.187252;4263
1658770910.1984413;4269
1658770910.2096362;4271
1658770910.2208676;4272
1658770910.2320614;4264
1658770910.2432528;4260
1658770910.2544446;4269
1658770910.265635;4266
1658770910.276862;4266
1658770910.2880592;4258
1658770910.2992518;4261
1658770910.3104455;4261
1658770910.3216352;4261
1658770910.3328269;4262
1658770910.344018;4263
1658770910.3552089;4261
1658770910.366401;4261
1658770910.3776252;4262
1658770910.3888192;4263
1658770910.4000137;4265
1658770910.4112027;4268
1658770910.4223943;4264
1658770910.433585;4263
1658770910.4447753;4259
1658770910.4559643;4270
1658770910.4671562;4259
1658770910.4783812;4257
1658770910.4895747;4262
1658770910.5008066;4262
1658770910.5119977;4267
1658770910.5231872;4262
1658770910.534378;4262
1658770910.5455725;4260
1658770910.5567632;4263
1658770910.5679545;4266
1658770910.5791748;4263
1658770910.590369;4259
1658770910.6015637;4259
1658770910.6127543;4268
1658770910.6239462;4264
1658770910.6351388;4261
1658770910.6463308;4260
1658770910.6575236;4256
1658770910.6687143;4273
1658770910.6799407;4260
1658770910.691135;4263
1658770910.702326;4260
1658770910.7135184;4275
1658770910.7247086;4266
1658770910.735902;4267
1658770910.7470932;4265
1658770910.7582865;4265
1658770910.7694829;4270
1658770910.7807102;4259
1658770910.7919037;4267
1658770910.8030937;4261
1658770910.8142862;4267
1658770910.8254771;4257
1658770910.8366685;4264
1658770910.8478544;4260
1658770910.8590448;4267
1658770910.8702357;4272
1658770910.88146;4259
1658770910.8926544;4264
1658770910.9038446;4258
1658770910.915032;4265
1658770910.9262228;4258
1658770910.9374115;4268
1658770910.9486022;4263
1658770910.959795;4272
1658770910.9709916;4263
1658770910.9822197;4262
1658770910.9934137;4266
1658770911.004607;4260
1658770911.0158005;4264
1658770911.0269938;4264
1658770911.0381892;4266
1658770911.0493817;4265
1658770911.060573;4270
1658770911.0717635;4273
1658770911.0829866;4260
1658770911.0941763;4267
1658770911.1053672;4260
1658770911.116559;4264
1658770911.1277533;4261
1658770911.1389446;4260
1658770911.150139;4263
1658770911.1613288;4272
1658770911.172522;4269
1658770911.1837459;4266
1658770911.1949403;4266
1658770911.2061322;4261
1658770911.217323;4272
1658770911.2285147;4263
1658770911.2397525;4269
1658770911.2510471;4272
1658770911.2622526;4262
1658770911.2734447;4265
1658770911.2846878;4258
1658770911.2958844;4264
1658770911.307077;4272
1658770911.3182688;4261
1658770911.3294597;4268
1658770911.3406484;4262
1658770911.3518422;4270
1658770911.3630335;4260
1658770911.3742244;4266
1658770911.3854523;4260
1658770911.3966465;4263
1658770911.4078388;4263
1658770911.4190311;4267
1658770911.4302225;4265
1658770911.4414148;4270
1658770911.4526074;4263
1658770911.4637969;4264
1658770911.4749904;4268
1658770911.4862173;4270
1658770911.4974105;4269
1658770911.5086026;4265
1658770911.5197937;4263
1658770911.5309873;4268
1658770911.5421772;4267
1658770911.5533674;4273
1658770911.56456;4265
1658770911.5757496;4274
1658770911.5869787;4262
1658770911.5981724;4261
1658770911.6093645;4263
1658770911.6205564;4256
1658770911.6317472;4272
1658770911.6429381;4262
1658770911.6541307;4263
1658770911.665322;4264
1658770911.676512;4267
1658770911.687736;4262
1658770911.6989284;4266
1658770911.7101197;4269
1658770911.7213113;4268
1658770911.7325022;4277
1658770911.74369;4264
1658770911.754881;4271
1658770911.7660725;4270
1658770911.7772617;4270
1658770911.7884867;4259
1658770911.7996807;4271
1658770911.8109078;4275
1658770911.8220994;4256
1658770911.8332882;4265
1658770911.8444746;4263
1658770911.8556616;4268
1658770911.8668506;4267
1658770911.8791697;4270
1658770911.8904393;4275
1658770911.9016392;4269
1658770911.9128299;4270
1658770911.9240181;4268
1658770911.9352105;4269
1658770911.9463983;4272
1658770911.957594;4264
1658770911.9687839;4274
1658770911.9799771;4274
1658770911.9912004;4269
1658770912.0023947;4265
1658770912.013585;4273
1658770912.0247726;4268
1658770912.0359623;4266
1658770912.0471518;4266
1658770912.058341;4269
1658770912.0695305;4268
1658770912.0808246;4270
1658770912.0920467;4268
1658770912.1032362;4272
1658770912.1144266;4274
1658770912.1256175;4267
1658770912.1368072;4268
1658770912.1479974;4268
1658770912.1591938;4266
1658770912.1703854;4269
1658770912.1815767;4265
1658770912.1928012;4269
1658770912.2039933;4265
1658770912.2151833;4259
1658770912.2263744;4268
1658770912.2375658;4265
1658770912.2487547;4274
1658770912.2599478;4260
1658770912.271134;4271
1658770912.2823257;4263
1658770912.293557;4270
1658770912.3047476;4266
1658770912.315937;4268
1658770912.3271284;4266
1658770912.3383205;4268
1658770912.3495066;4268
1658770912.3607063;4269
1658770912.3718984;4276
1658770912.3830912;4266
1658770912.3943164;4270
1658770912.40551;4266
1658770912.4167018;4268
1658770912.427893;4265
1658770912.4390833;4268
1658770912.4502745;4276
1658770912.4614668;4265
1658770912.47266;4271
1658770912.4838493;4264
1658770912.4950747;4270
1658770912.5062666;4265
1658770912.5174584;4271
1658770912.5286486;4270
1658770912.5398738;4276
1658770912.5510645;4271
1658770912.5622566;4268
1658770912.5734477;4270
1658770912.5846372;4266
1658770912.595859;4270
1658770912.6070535;4270
1658770912.6182423;4265
1658770912.6294343;4269
1658770912.6406262;4272
1658770912.6518173;4269
1658770912.6630085;4264
1658770912.6741998;4274
1658770912.6853907;4265
1658770912.696615;4267
1658770912.7078083;4264
1658770912.7190013;4264
1658770912.730194;4272
1658770912.7413833;4270
1658770912.7525752;4267
1658770912.7637634;4263
1658770912.7749584;4270
1658770912.7861505;4272
1658770912.797376;4271
1658770912.8085747;4269
1658770912.8197696;4267
1658770912.8309603;4269
1658770912.8421466;4268
1658770912.8533397;4267
1658770912.8645303;4264
1658770912.8757215;4266
1658770912.886912;4266
1658770912.8981366;4271
