1658777521.3676872;4247
1658777521.378522;4244
1658777521.3892865;4249
1658777521.4000542;4248
1658777521.4108214;4247
1658777521.4215865;4250
1658777521.4323533;4242
1658777521.4431193;4251
1658777521.4538832;4244
1658777521.4646468;4246
1658777521.4754128;4248
1658777521.4861903;4250
1658777521.4969554;4246
1658777521.5077293;4246
1658777521.518495;4247
1658777521.5292583;4248
1658777521.5400248;4251
1658777521.5507882;4242
1658777521.5615523;4248
1658777521.5723157;4249
1658777521.5830982;4248
1658777521.5938594;4245
1658777521.6046283;4248
1658777521.615393;4251
1658777521.6261568;4247
1658777521.6369221;4246
1658777521.6476836;4247
1658777521.658454;4249
1658777521.6692202;4246
1658777521.6799884;4246
1658777521.6907616;4247
1658777521.7015276;4250
1658777521.712294;4243
1658777521.7230613;4246
1658777521.733825;4245
1658777521.7445834;4251
1658777521.7553515;4242
1658777521.7661173;4247
1658777521.7768831;4246
1658777521.7876568;4251
1658777521.7984233;4249
1658777521.809188;4244
1658777521.8199544;4246
1658777521.8307266;4249
1658777521.841486;4252
1658777521.8522499;4244
1658777521.863009;4249
1658777521.8737721;4249
1658777521.8846157;4244
1658777521.8954;4248
1658777521.9064536;4250
1658777521.9175057;4251
1658777521.9285586;4247
1658777521.9396105;4250
1658777521.950699;4243
1658777521.9617493;4249
1658777521.9729924;4245
1658777521.9840555;4248
1658777521.995182;4244
1658777522.0062816;4253
1658777522.017499;4256
1658777522.0287075;4251
1658777522.039921;4243
1658777522.051127;4244
1658777522.062346;4254
1658777522.0735533;4249
1658777522.0848002;4249
1658777522.0960474;4248
1658777522.1072621;4252
1658777522.118471;4253
1658777522.12968;4247
1658777522.1409218;4249
1658777522.1521301;4249
1658777522.163338;4250
1658777522.1745481;4250
1658777522.1857562;4247
1658777522.1969976;4246
1658777522.2082074;4245
1658777522.2194173;4251
1658777522.2306283;4247
1658777522.241847;4254
1658777522.2530463;4247
1658777522.264257;4251
1658777522.2754657;4252
1658777522.2866757;4249
1658777522.297916;4248
1658777522.3091342;4247
1658777522.320347;4251
1658777522.3315504;4249
1658777522.3427677;4249
1658777522.3539767;4249
1658777522.3651848;4252
1658777522.3763828;4253
1658777522.3875945;4247
1658777522.3988364;4249
1658777522.410067;4246
1658777522.4212751;4253
1658777522.432496;4247
1658777522.4437044;4249
1658777522.4549122;4245
1658777522.466122;4252
1658777522.4773304;4251
1658777522.488533;4249
1658777522.4997869;4247
1658777522.5110016;4248
1658777522.5222101;4251
1658777522.5334184;4250
1658777522.5446262;4249
1658777522.5558336;4243
1658777522.5670426;4251
1658777522.578249;4252
1658777522.5894566;4247
1658777522.600725;4250
1658777522.611938;4244
1658777522.6231468;4253
1658777522.6343567;4251
1658777522.6455708;4247
1658777522.6567793;4249
1658777522.667987;4245
1658777522.679191;4253
1658777522.690403;4248
1658777522.7016408;4252
1658777522.7128534;4245
1658777522.7240753;4250
1658777522.7352839;4252
1658777522.7464926;4250
1658777522.7577004;4244
1658777522.7688978;4246
1658777522.780111;4251
1658777522.7913158;4250
1658777522.8025577;4249
1658777522.8137836;4246
1658777522.8249927;4250
1658777522.8362007;4253
1658777522.847406;4247
1658777522.8586345;4250
1658777522.8698795;4246
1658777522.882209;4252
1658777522.8934517;4248
1658777522.9047067;4249
1658777522.9159136;4245
1658777522.9271276;4246
1658777522.9383352;4252
1658777522.9495413;4248
1658777522.9607923;4251
1658777522.9720013;4246
1658777522.9832082;4250
1658777522.9944162;4251
1658777523.0056593;4250
1658777523.0168717;4246
1658777523.0280783;4248
1658777523.0392864;4251
1658777523.0504954;4248
1658777523.0616982;4251
1658777523.072911;4248
1658777523.0841482;4247
1658777523.0953815;4254
1658777523.106639;4249
1658777523.1178503;4246
1658777523.1290607;4245
1658777523.140273;4254
1658777523.1514776;4249
1658777523.1626842;4252
1658777523.1738913;4245
1658777523.1851;4252
1658777523.196307;4250
1658777523.2075467;4249
1658777523.2187557;4244
1658777523.2299619;4251
1658777523.2411716;4253
1658777523.252379;4251
1658777523.263586;4250
1658777523.2747812;4249
1658777523.2859907;4252
1658777523.2971992;4254
1658777523.3084385;4249
1658777523.3196557;4249
1658777523.3309066;4248
1658777523.342107;4255
1658777523.3533173;4254
1658777523.364526;4252
1658777523.375734;4247
1658777523.3869412;4249
1658777523.3981397;4254
1658777523.409385;4250
1658777523.4206004;4253
1658777523.4318066;4248
1658777523.4430153;4254
1658777523.454225;4252
1658777523.4654307;4252
1658777523.47664;4248
1658777523.4878488;4252
1658777523.499057;4254
1658777523.5103014;4250
1658777523.5215101;4251
1658777523.532719;4251
1658777523.5439289;4254
1658777523.5551367;4256
1658777523.5663443;4250
1658777523.5775495;4248
1658777523.5887613;4249
1658777523.5999722;4256
1658777523.6112154;4247
1658777523.622431;4251
1658777523.6336384;4245
1658777523.6448488;4253
1658777523.6560557;4250
1658777523.667265;4252
1658777523.6784713;4246
1658777523.6896803;4249
1658777523.7009237;4253
1658777523.7121518;4249
1658777523.7233636;4250
1658777523.7345726;4251
1658777523.745781;4253
1658777523.7569895;4256
1658777523.7681968;4248
1658777523.779405;4251
1658777523.7906127;4248
1658777523.8018208;4254
1658777523.8130612;4249
1658777523.8242736;4249
1658777523.8354821;4245
1658777523.8466806;4249
1658777523.8578892;4255
1658777523.8690972;4250
1658777523.88031;4254
1658777523.8915122;4249
1658777523.902713;4254
1658777523.9139576;4252
1658777523.92517;4253
1658777523.9363792;4247
1658777523.947586;4248
1658777523.95879;4251
1658777523.9700027;4249
1658777523.9812088;4250
1658777523.9924161;4249
1658777524.0036278;4251
1658777524.0148706;4251
1658777524.0260847;4250
1658777524.0372932;4250
1658777524.048501;4247
1658777524.059744;4256
1658777524.0709546;4248
1658777524.0821629;4251
1658777524.093361;4247
1658777524.1045709;4258
1658777524.1158123;4254
1658777524.1270247;4251
1658777524.1382346;4248
1658777524.1494427;4245
1658777524.1606514;4254
1658777524.1718557;4250
1658777524.1830633;4249
1658777524.1942697;4249
1658777524.2054775;4251
1658777524.2167184;4252
1658777524.227929;4248
1658777524.2391357;4248
1658777524.2503483;4247
1658777524.2615588;4253
1658777524.272766;4248
1658777524.2839723;4249
1658777524.295171;4247
1658777524.3063796;4256
1658777524.3176222;4258
1658777524.3288348;4250
1658777524.3400424;4251
1658777524.3512774;4249
1658777524.3624835;4255
1658777524.3736906;4251
1658777524.3848972;4251
1658777524.3961225;4248
1658777524.407331;4251
1658777524.4185612;4253
1658777524.429776;4250
1658777524.4409852;4251
1658777524.452194;4251
1658777524.4634006;4253
1658777524.4746082;4253
1658777524.4858317;4249
1658777524.4970403;4252
1658777524.5082479;4248
1658777524.5194905;4256
1658777524.5307004;4248
1658777524.5419111;4252
1658777524.5531192;4249
1658777524.5643263;4255
1658777524.5755475;4252
1658777524.5867574;4251
1658777524.5979564;4248
1658777524.6091678;4247
1658777524.6204135;4254
1658777524.631623;4250
1658777524.6428301;4251
1658777524.6540537;4251
1658777524.665268;4254
1658777524.6764758;4248
1658777524.6876826;4249
1658777524.6988924;4248
1658777524.7101023;4251
1658777524.7213414;4255
1658777524.7325528;4247
1658777524.7437613;4250
1658777524.7549694;4248
1658777524.766178;4253
1658777524.777386;4253
1658777524.7885938;4250
1658777524.7998354;4254
1658777524.8110461;4249
1658777524.822285;4256
1658777524.8334959;4254
1658777524.8446944;4252
1658777524.8559046;4247
1658777524.8671114;4252
1658777524.8783216;4254
1658777524.8895638;4250
1658777524.900811;4255
1658777524.9120476;4254
1658777524.9232848;4252
1658777524.9345005;4256
1658777524.9457107;4249
1658777524.9569204;4249
1658777524.9681315;4248
1658777524.9793406;4256
1658777524.9905488;4249
1658777525.0017576;4252
1658777525.0129683;4249
1658777525.0242107;4256
1658777525.035421;4255
1658777525.046626;4251
1658777525.0589514;4247
1658777525.07018;4249
1658777525.0813851;4252
1658777525.092582;4251
1658777525.1037927;4251
1658777525.1150057;4248
1658777525.126257;4249
1658777525.1374671;4252
1658777525.1486769;4250
1658777525.1599154;4251
1658777525.1711237;4249
1658777525.1823306;4254
1658777525.1935387;4255
1658777525.2050464;4238
1658777525.2165587;4243
1658777525.227832;4246
1658777525.2390468;4249
1658777525.2502613;4247
1658777525.2614732;4252
1658777525.272703;4247
1658777525.2839196;4253
1658777525.2951267;4251
1658777525.3063405;4249
1658777525.317541;4244
1658777525.3287902;4249
1658777525.340003;4251
1658777525.3512118;4248
1658777525.362422;4250
1658777525.3736286;4247
1658777525.3848348;4251
1658777525.3960435;4251
1658777525.4072523;4247
1658777525.4184597;4248
1658777525.4297907;4246
1658777525.441003;4251
1658777525.4522102;4250
1658777525.4634202;4249
1658777525.4746284;4247
1658777525.4858358;4248
1658777525.4970443;4253
1658777525.5082545;4249
1658777525.519464;4255
1658777525.5307088;4243
1658777525.5419195;4250
1658777525.553128;4251
1658777525.564338;4250
1658777525.575547;4246
1658777525.5867546;4248
1658777525.5979524;4251
1658777525.6091616;4248
1658777525.620373;4251
1658777525.6316123;4247
1658777525.6428258;4254
1658777525.6540363;4253
1658777525.665244;4246
1658777525.6764524;4249
1658777525.6876614;4245
1658777525.69887;4254
1658777525.71008;4248
1658777525.721288;4252
1658777525.732528;4246
1658777525.7437375;4248
1658777525.7549474;4249
1658777525.7661574;4250
1658777525.7773635;4248
1658777525.7885756;4249
1658777525.799785;4252
1658777525.810995;4249
1658777525.8221955;4250
1658777525.833442;4248
1658777525.844643;4247
1658777525.8558536;4253
1658777525.8670652;4247
1658777525.8782747;4248
1658777525.8894813;4249
1658777525.9006915;4253
1658777525.9119017;4246
1658777525.9231205;4250
1658777525.934365;4245
1658777525.9455664;4247
1658777525.9567778;4253
1658777525.967987;4248
1658777525.979195;4253
1658777525.9904058;4243
1658777526.0016112;4251
1658777526.0128212;4247
1658777526.0240295;4252
1658777526.0352714;4249
1658777526.0464902;4248
1658777526.0577002;4251
1658777526.0689092;4250
1658777526.0801194;4250
1658777526.091315;4249
1658777526.1025238;4248
1658777526.1137345;4251
1658777526.1249423;4247
1658777526.1361816;4249
1658777526.147393;4249
1658777526.158599;4252
1658777526.1698506;4247
1658777526.1810606;4253
1658777526.1922693;4245
1658777526.2034752;4253
1658777526.2146819;4250
1658777526.2258892;4249
1658777526.2371318;4247
1658777526.2483413;4246
1658777526.259551;4251
1658777526.2707975;4249
1658777526.2820096;4252
1658777526.2932172;4249
1658777526.3044255;4250
1658777526.3156354;4253
1658777526.3268478;4246
1658777526.338075;4249
1658777526.34928;4247
1658777526.3604927;4253
1658777526.3716996;4246
1658777526.3829079;4250
1658777526.394116;4247
1658777526.405324;4248
1658777526.4165335;4255
1658777526.427744;4248
1658777526.438985;4254
1658777526.450194;4246
1658777526.4614034;4249
1658777526.4726117;4252
1658777526.4838214;4252
1658777526.4950395;4247
1658777526.5062544;4245
1658777526.5174646;4251
1658777526.5286717;4248
1658777526.5399506;4250
1658777526.5511634;4249
1658777526.5623734;4252
1658777526.573582;4252
1658777526.5847905;4247
1658777526.5959902;4247
1658777526.6072009;4246
1658777526.6184082;4255
1658777526.6296167;4248
1658777526.640896;4252
1658777526.652106;4247
1658777526.6633136;4253
1658777526.6745217;4251
1658777526.6857312;4250
1658777526.6969395;4248
1658777526.7081528;4248
1658777526.7193625;4253
1658777526.7305768;4250
1658777526.7418156;4251
1658777526.753027;4247
1658777526.7642326;4251
1658777526.7754416;4252
1658777526.78665;4247
1658777526.7978575;4250
1658777526.8090675;4246
1658777526.820281;4253
1658777526.831486;4247
1658777526.8427138;4250
1658777526.8539305;4248
1658777526.8651412;4253
1658777526.8763497;4252
1658777526.8875587;4247
1658777526.898768;4251
1658777526.9100583;4245
1658777526.9212794;4250
1658777526.9324958;4249
1658777526.9437418;4251
1658777526.9549544;4245
1658777526.9661531;4249
1658777526.9773653;4251
1658777526.9885714;4248
1658777526.9997807;4251
1658777527.010994;4249
1658777527.0222006;4251
1658777527.0334094;4252
1658777527.044652;4248
1658777527.0558631;4248
1658777527.0670714;4246
1658777527.0782835;4254
1658777527.0894935;4247
1658777527.1006975;4251
1658777527.1119013;4247
1658777527.123106;4253
1658777527.1343088;4252
1658777527.1455483;4249
1658777527.1567557;4249
1658777527.167959;4245
1658777527.1791673;4252
1658777527.1903765;4248
1658777527.2015772;4249
1658777527.212781;4246
1658777527.2239852;4251
1658777527.2419999;4247
1658777527.2533514;4247
1658777527.2645614;4251
1658777527.2757664;4253
1658777527.28697;4247
1658777527.2981741;4254
1658777527.3093781;4243
1658777527.3205845;4256
1658777527.331783;4249
1658777527.34297;4250
1658777527.3542001;4251
1658777527.36541;4254
1658777527.376611;4253
1658777527.3878148;4249
1658777527.3990088;4251
1658777527.410221;4247
1658777527.4214196;4254
1658777527.4326203;4251
1658777527.4438238;4251
1658777527.4550686;4253
1658777527.4662778;4250
1658777527.4774704;4254
1658777527.488675;4250
1658777527.4999094;4254
1658777527.5111136;4250
1658777527.522316;4252
1658777527.5335193;4249
1658777527.5447216;4248
1658777527.5559552;4253
1658777527.5671616;4252
1658777527.5783665;4256
1658777527.5895705;4249
1658777527.6008258;4253
1658777527.6120315;4250
1658777527.6232343;4253
1658777527.6344368;4246
1658777527.64564;4251
1658777527.6568742;4253
1658777527.6680825;4250
1658777527.6792874;4254
1658777527.690496;4250
1658777527.7016952;4250
1658777527.7128963;4250
1658777527.724103;4252
1658777527.735306;4254
1658777527.7465098;4250
1658777527.7577455;4253
1658777527.768957;4250
1658777527.7801635;4252
1658777527.791363;4248
1658777527.8025656;4250
1658777527.8137677;4251
1658777527.8249726;4254
1658777527.8361776;4255
1658777527.8473718;4250
1658777527.8586104;4250
1658777527.869855;4245
1658777527.881058;4254
1658777527.8922617;4251
1658777527.903466;4251
1658777527.91467;4252
1658777527.9258742;4251
1658777527.9370782;4253
1658777527.948285;4250
1658777527.959522;4253
1658777527.970763;4250
1658777527.9819582;4252
1658777527.9931645;4250
1658777528.0043705;4250
1658777528.015578;4254
1658777528.026783;4251
1658777528.0379856;4256
1658777528.0491886;4249
1658777528.0604286;4255
1658777528.0716326;4249
1658777528.0828354;4255
1658777528.0940285;4247
1658777528.1052337;4251
1658777528.116434;4247
1658777528.1276443;4249
1658777528.1388476;4254
1658777528.150054;4251
1658777528.161289;4251
1658777528.1724951;4250
1658777528.183701;4252
1658777528.1949043;4254
1658777528.2061098;4250
1658777528.217314;4255
1658777528.2285182;4248
1658777528.2397273;4255
1658777528.250931;4250
1658777528.2621682;4249
1658777528.2733762;4249
1658777528.2845798;4256
1658777528.2957852;4256
1658777528.3069909;4250
1658777528.3181925;4251
1658777528.329396;4247
1658777528.3405933;4255
1658777528.351794;4251
1658777528.3630304;4249
1658777528.374226;4247
1658777528.3854308;4249
1658777528.3966348;4256
1658777528.40784;4249
1658777528.419042;4255
1658777528.430248;4249
1658777528.441449;4254
1658777528.45265;4249
1658777528.4638853;4248
1658777528.4750912;4252
1658777528.4862967;4250
1658777528.4974904;4256
1658777528.5086963;4248
1658777528.5199056;4254
1658777528.5311103;4248
1658777528.5423145;4255
1658777528.553518;4249
1658777528.564754;4250
1658777528.5759594;4252
1658777528.5871623;4251
1658777528.598357;4256
1658777528.6095626;4247
1658777528.620805;4252
1658777528.6320107;4252
1658777528.6432126;4252
1658777528.6544166;4251
1658777528.6656554;4248
1658777528.6768608;4252
1658777528.688065;4251
1658777528.699268;4256
1658777528.710473;4247
1658777528.7216733;4249
1658777528.7328775;4252
1658777528.7440777;4254
1658777528.7552829;4251
1658777528.766519;4248
1658777528.7777245;4254
1658777528.7889273;4250
1658777528.800134;4255
1658777528.811335;4251
1658777528.8225355;4252
1658777528.8337388;4252
1658777528.8449342;4252
1658777528.8561373;4251
1658777528.8673747;4251
1658777528.8785815;4253
1658777528.889781;4250
1658777528.900986;4254
1658777528.9121888;4250
1658777528.923393;4250
1658777528.9345956;4251
1658777528.9457989;4252
1658777528.9570003;4256
1658777528.9682376;4249
1658777528.979449;4252
1658777528.990656;4250
1658777529.0018446;4255
1658777529.0130563;4249
1658777529.02426;4250
1658777529.0354614;4251
1658777529.046667;4252
1658777529.0578709;4256
1658777529.0691082;4249
1658777529.0803177;4251
1658777529.0915103;4248
1658777529.1030188;4248
1658777529.114499;4250
1658777529.125739;4247
1658777529.1369405;4250
1658777529.148151;4247
1658777529.1593502;4254
1658777529.170603;4246
1658777529.181809;4247
1658777529.1931;4248
1658777529.204358;4251
1658777529.2155752;4252
1658777529.2267783;4248
1658777529.2380114;4251
1658777529.2492192;4244
1658777529.260426;4251
1658777529.2716758;4249
1658777529.2828841;4249
1658777529.2940893;4247
1658777529.3052924;4249
1658777529.3164935;4254
1658777529.327699;4248
1658777529.3389022;4253
1658777529.3501077;4249
1658777529.3613112;4254
1658777529.3725488;4248
1658777529.383755;4248
1658777529.3949502;4250
1658777529.406157;4245
1658777529.4185019;4254
1658777529.4297442;4244
1658777529.4409533;4248
1658777529.4521542;4245
1658777529.4633605;4255
1658777529.474588;4253
1658777529.4857981;4249
1658777529.4970014;4250
1658777529.5082028;4245
1658777529.519396;4256
1658777529.5306075;4249
1658777529.5418074;4249
1658777529.55301;4248
1658777529.564212;4251
1658777529.5754457;4254
1658777529.5866518;4246
1658777529.597845;4249
1658777529.6090484;4249
1658777529.6202576;4254
1658777529.6314573;4245
1658777529.6426601;4249
1658777529.6538613;4243
1658777529.6650653;4252
1658777529.6763022;4251
1658777529.6875086;4247
1658777529.6987133;4252
1658777529.7099233;4248
1658777529.7211266;4252
1658777529.7323318;4245
1658777529.743534;4250
1658777529.754734;4248
1658777529.7659369;4250
1658777529.7771747;4251
1658777529.7883818;4249
1658777529.7995863;4250
1658777529.810832;4251
1658777529.822046;4255
1658777529.8332505;4246
1658777529.844446;4249
1658777529.8556495;4248
1658777529.8668523;4250
1658777529.8780885;4252
1658777529.8892932;4247
1658777529.9004946;4247
1658777529.9116983;4248
1658777529.922903;4256
1658777529.934109;4253
1658777529.9453137;4247
1658777529.9565196;4249
1658777529.9677227;4248
1658777529.97896;4252
1658777529.9901683;4248
1658777530.0013716;4249
1658777530.0125785;4248
1658777530.0237718;4251
1658777530.0349782;4249
1658777530.04618;4248
1658777530.0573828;4252
1658777530.0685952;4249
1658777530.079864;4254
1658777530.09106;4246
1658777530.1022656;4247
1658777530.1134694;4247
1658777530.1246738;4254
1658777530.1358771;4252
1658777530.1470826;4246
1658777530.1582887;4251
1658777530.1694934;4247
1658777530.1807346;4250
1658777530.191937;4247
1658777530.2031426;4250
1658777530.2143471;4247
1658777530.2255542;4251
1658777530.23676;4253
1658777530.2479637;4248
1658777530.2591674;4252
1658777530.2703743;4249
1658777530.2816072;4254
1658777530.292816;4246
1658777530.3040192;4247
1658777530.3152235;4252
1658777530.3264277;4251
1658777530.337632;4256
1658777530.348826;4248
1658777530.3600345;4256
1658777530.3712337;4249
1658777530.3824708;4253
1658777530.3936782;4244
1658777530.4048846;4249
1658777530.4160786;4250
1658777530.4272842;4254
1658777530.4384897;4255
1658777530.4496953;4249
1658777530.460931;4249
1658777530.4721344;4247
1658777530.4833705;4251
1658777530.4945772;4253
1658777530.5057817;4248
1658777530.5169833;4250
1658777530.528187;4250
1658777530.5393782;4253
1658777530.5505848;4245
1658777530.5617871;4247
1658777530.5729918;4247
1658777530.5842288;4254
1658777530.5954268;4255
1658777530.6066375;4245
1658777530.6178427;4251
1658777530.6290476;4246
1658777530.6402528;4253
1658777530.6514542;4248
1658777530.6626563;4251
1658777530.6738605;4245
1658777530.6850967;4250
1658777530.6963007;4252
1658777530.707504;4249
1658777530.718707;4251
1658777530.7299147;4247
1658777530.7411194;4252
1658777530.752324;4246
1658777530.7635243;4248
1658777530.7747288;4248
1658777530.785965;4250
1658777530.79717;4252
1658777530.808373;4249
1658777530.8195748;4251
1658777530.8308265;4247
1658777530.8420217;4254
1658777530.8532274;4245
1658777530.8644295;4249
1658777530.8756313;4248
1658777530.8868704;4254
1658777530.898076;4250
1658777530.9092777;4248
1658777530.9204795;4251
1658777530.9316823;4250
1658777530.942888;4252
1658777530.9540908;4252
1658777530.9652956;4251
1658777530.9764986;4251
1658777530.9877372;4248
1658777530.9989438;4252
1658777531.0101533;4248
1658777531.021353;4248
1658777531.0325592;4251
1658777531.0437558;4251
1658777531.0549612;4254
1658777531.0661654;4247
1658777531.077372;4251
1658777531.0886085;4248
1658777531.0998523;4253
1658777531.1110594;4247
1658777531.122265;4249
1658777531.133467;4248
1658777531.1446683;4251
1658777531.1558716;4252
1658777531.1670766;4249
1658777531.1782804;4253
1658777531.189518;4249
1658777531.200765;4248
1658777531.211971;4248
1658777531.2231748;4249
1658777531.2343755;4250
1658777531.2455812;4250
1658777531.2567852;4253
1658777531.2679892;4248
1658777531.279192;4254
1658777531.2904303;4251
1658777531.3016331;4255
1658777531.3128371;4247
1658777531.3240407;4266
1658777531.3352456;4302
1658777531.346443;4342
1658777531.3576524;4507
1658777531.3688567;4608
1658777531.380062;4734
1658777531.3912969;5081
1658777531.4025514;5309
1658777531.4137752;5594
1658777531.4249814;6037
1658777531.4361758;5975
1658777531.4473822;6101
1658777531.4585867;7359
1658777531.46979;8198
1658777531.480996;10309
1658777531.492237;11532
1658777531.5034416;12783
1658777531.5146468;14741
1658777531.5258493;15009
1658777531.5370555;14634
1658777531.5482593;12158
1658777531.5594547;10582
1658777531.5706706;9081
1658777531.5818727;6661
1658777531.594228;5741
1658777531.6054513;5077
1658777531.6166558;4147
1658777531.6278605;4120
1658777531.6390605;4177
1658777531.6502671;4185
1658777531.6614738;4203
1658777531.672678;4269
1658777531.6838803;4552
1658777531.6951184;4752
1658777531.7063248;5015
1658777531.717529;5732
1658777531.7287316;6224
1658777531.7399375;6571
1658777531.7511377;7204
1658777531.762343;8218
1658777531.7735445;11009
1658777531.7847471;12744
1658777531.7959816;14599
1658777531.807189;17508
1658777531.8183901;17850
1658777531.8295949;17185
1658777531.8408318;13661
1658777531.852037;11520
1658777531.8632362;9609
1658777531.8744402;6758
1658777531.8856418;5800
1658777531.896879;5096
1658777531.9080844;4185
1658777531.919289;4180
1658777531.9304948;4183
1658777531.941685;4240
1658777531.9528859;4355
1658777531.9640858;4524
1658777531.9755044;5011
1658777531.9867237;5360
1658777531.997966;5801
1658777532.0091712;6598
1658777532.0203905;6813
1658777532.031599;7694
1658777532.042801;10380
1658777532.0540068;12176
1658777532.0652027;14110
1658777532.0764084;17486
1658777532.0876145;18013
1658777532.0988421;17340
1658777532.1100545;13307
1658777532.1212564;11067
1658777532.1324613;9146
1658777532.1436653;6372
1658777532.1548662;5482
1658777532.1660693;4829
1658777532.1772723;4172
1658777532.1884744;4179
1658777532.1997447;4194
1658777532.2109544;4299
1658777532.2221587;4458
1658777532.233362;4649
1658777532.244563;5212
1658777532.255767;5632
1658777532.2669713;6533
1658777532.278172;6673
1658777532.289375;7371
1658777532.3006132;9909
1658777532.3118181;11633
1658777532.323024;13561
1658777532.3342261;16972
1658777532.3454206;17672
1658777532.3566265;17186
1658777532.3678281;13399
1658777532.3790317;11169
1658777532.3902373;9263
1658777532.4014707;6482
1658777532.4126775;5558
1658777532.4238868;4887
1658777532.4350922;4167
1658777532.4462974;4167
1658777532.4574907;4180
1658777532.468698;4250
1658777532.4799047;4383
1658777532.4911168;4564
1658777532.5023565;5088
1658777532.513562;5452
1658777532.5247664;5946
1658777532.535972;6644
1658777532.5471756;7008
1658777532.5583801;8031
1658777532.5695834;10908
1658777532.58089;12822
1658777532.592085;14801
1658777532.6033237;17904
1658777532.6145306;18144
1658777532.6257334;17264
1658777532.636938;13282
1658777532.6481402;11019
1658777532.6593428;9121
1658777532.67055;6374
1658777532.6817503;5486
1658777532.6929514;4833
1658777532.7041886;4173
1658777532.7153945;4181
1658777532.7265987;4190
1658777532.7378018;4317
1658777532.7490048;4466
1658777532.7602105;4671
1658777532.771415;5245
1658777532.7826192;5684
1658777532.7938242;6574
1658777532.8050606;6720
1658777532.8162737;7497
1658777532.8274965;10125
1658777532.838695;11898
1658777532.849932;13881
1658777532.8611271;17319
1658777532.8723273;18045
1658777532.8835223;17566
1658777532.8947182;13780
1658777532.9059432;11467
1658777532.9171386;9503
1658777532.9283333;6603
1658777532.9395273;5635
1658777532.9507573;4939
1658777532.9622352;4158
1658777532.9737103;4169
1658777532.98494;4183
1658777532.996136;4274
1658777533.0073943;4398
1658777533.0185935;4580
1658777533.029787;5092
1658777533.0409925;5471
1658777533.0522027;5941
1658777533.0634012;6575
1658777533.074592;6960
1658777533.0857759;7967
1658777533.0969677;10731
1658777533.1081681;12556
1658777533.1194267;14460
1658777533.130636;17260
1658777533.1418297;17419
1658777533.1530294;16396
1658777533.1642246;12363
1658777533.1754196;10319
1658777533.1866152;8623
1658777533.1978114;6138
1658777533.2090492;5304
1658777533.2202513;4272
1658777533.231442;4164
1658777533.2426372;4171
1658777533.2538288;4195
1658777533.2650266;4263
1658777533.2762203;4388
1658777533.2874153;4777
1658777533.2986093;5080
1658777533.309841;5431
1658777533.321044;6404
1658777533.3322399;6604
1658777533.3434267;6835
1658777533.354623;8925
1658777533.3658156;10376
1658777533.377009;12091
1658777533.3882039;15835
1658777533.3993988;17235
1658777533.4106336;17876
1658777533.4218278;16105
1658777533.4330235;14141
1658777533.4442184;11979
1658777533.4554136;8302
1658777533.4666085;6989
1658777533.4777966;5959
1658777533.488993;4617
1658777533.5001895;4219
1658777533.511415;4176
1658777533.522611;4191
1658777533.5338016;4221
1658777533.5449946;4321
1658777533.556187;4653
1658777533.5673811;4897
1658777533.578576;5213
1658777533.5898132;6096
1658777533.6010115;6526
1658777533.6122413;6613
1658777533.6234467;8170
1658777533.634634;9479
1658777533.6458342;11024
1658777533.657031;14718
1658777533.668223;16372
1658777533.6794248;17505
1658777533.6906226;16776
1658777533.7018125;15008
1658777533.7130404;12871
1658777533.7242393;8988
1658777533.7354348;7533
1658777533.7466269;6382
1658777533.7578201;4864
1658777533.7701676;4370
1658777533.781369;4179
1658777533.7925682;4187
1658777533.8037622;4196
1658777533.814993;4368
1658777533.8261874;4524
1658777533.8373828;4716
1658777533.8485658;5300
1658777533.859761;5692
1658777533.8709536;6190
1658777533.882146;6603
1658777533.8933384;7228
1658777533.9045312;8267
1658777533.9157581;11055
1658777533.9269595;12740
1658777533.938155;14546
1658777533.9493496;17002
1658777533.9605446;17057
1658777533.9717348;16068
1658777533.9829152;12308
1658777533.9941027;10368
1658777534.0052848;8701
1658777534.0164993;6278
1658777534.0276818;5442
1658777534.0388627;4829
1658777534.0500424;4167
1658777534.0612254;4180
1658777534.0724218;4177
1658777534.0836203;4210
1658777534.0948021;4302
1658777534.1059873;4424
1658777534.117222;4834
1658777534.1284184;5106
1658777534.1396146;5464
1658777534.1508455;6373
1658777534.1620383;6583
1658777534.173232;6722
1658777534.1844244;8580
1658777534.1956193;9909
1658777534.2068107;11449
1658777534.2180388;14978
1658777534.2292354;16445
1658777534.2404337;17477
1658777534.251624;16650
1658777534.2628229;15108
1658777534.2740152;11200
1658777534.2852094;9383
1658777534.2964036;7903
1658777534.307595;5784
1658777534.3188202;5097
1658777534.3300207;4563
1658777534.3412056;4182
1658777534.3524508;4185
1658777534.363665;4196
1658777534.3748598;4284
1658777534.3860614;4393
1658777534.3972576;4569
1658777534.408452;5024
1658777534.4196832;5347
1658777534.430918;5742
1658777534.442115;6540
1658777534.4533193;6611
1658777534.4645226;7211
1658777534.4757175;9472
1658777534.4869113;10933
1658777534.4980984;12575
1658777534.5092964;15966
1658777534.5205302;17088
1658777534.531726;17452
1658777534.54292;15432
1658777534.5541127;13537
1658777534.565308;11552
1658777534.5765035;8184
1658777534.5877;6941
1658777534.598882;5977
1658777534.610078;4670
1658777534.621307;4277
1658777534.6325042;4176
1658777534.6437001;4193
1658777534.6548975;4205
1658777534.666092;4252
1658777534.677286;4485
1658777534.6884835;4656
1658777534.6996794;4882
1658777534.710907;5508
1658777534.722135;5947
1658777534.733331;6371
1658777534.7445266;6698
1658777534.755722;7473
1658777534.7669146;8509
1658777534.7781098;11223
1658777534.7893054;12815
1658777534.8005047;14462
1658777534.8116982;16673
1658777534.8229268;16703
1658777534.8341253;14302
1658777534.8453104;12439
1658777534.8565068;10603
1658777534.8677013;7639
1658777534.8788948;6561
1658777534.8900924;5686
1658777534.9012825;4524
1658777534.9124758;4191
1658777534.9237058;4176
1658777534.9349082;4181
1658777534.9461062;4188
1658777534.9573026;4224
1658777534.9684978;4432
1658777534.9796915;4601
1658777534.9909234;4806
1658777535.0021086;5381
1658777535.0133061;5765
1658777535.0245357;6250
1658777535.035733;6568
1658777535.0469253;7076
1658777535.0581214;7998
1658777535.069316;10481
1658777535.0805118;12036
1658777535.0916939;13676
1658777535.102891;16525
1658777535.1140857;17149
1658777535.125302;16988
1658777535.1365018;14537
1658777535.147697;12707
1658777535.1588912;10854
1658777535.1700912;7806
1658777535.181282;6673
1658777535.1924763;5795
1658777535.2036736;4596
1658777535.214869;4227
1658777535.2260954;4184
1658777535.2372937;4194
1658777535.2484877;4193
1658777535.2596831;4240
1658777535.2709157;4456
1658777535.282111;4630
1658777535.2933037;4837
1658777535.3044987;5437
1658777535.3156934;5842
1658777535.326921;6333
1658777535.3381186;6599
1658777535.349305;7220
1658777535.3605044;8191
1658777535.3716967;10760
1658777535.382892;12332
1658777535.3940818;13963
1658777535.405279;16654
1658777535.4164753;17123
1658777535.4277022;15563
1658777535.4389;13846
1658777535.4500961;11935
1658777535.4612885;8613
1658777535.4724824;7318
1658777535.4836786;6297
1658777535.4948716;4885
1658777535.5060668;4418
1658777535.5172548;4181
1658777535.5284855;4184
1658777535.5396814;4196
1658777535.5509102;4202
1658777535.5621057;4369
1658777535.5732992;4516
1658777535.5844948;4687
1658777535.5956807;5176
1658777535.6068754;5509
1658777535.6180701;5937
1658777535.629298;6468
1658777535.640496;6616
1658777535.6516926;7337
1658777535.6628883;9461
1658777535.6740825;10844
1658777535.6852784;12356
1658777535.6964736;15281
1658777535.7076688;16233
1658777535.7188528;16512
1658777535.7300909;14675
1658777535.7412872;12971
1658777535.7524838;11174
1658777535.7636817;8170
1658777535.774878;7002
1658777535.7860699;6049
1658777535.7972653;4773
1658777535.8084605;4334
1658777535.8196554;4152
1658777535.8309164;4184
1658777535.8421035;4187
1658777535.853298;4198
1658777535.8644931;4325
1658777535.8756924;4458
1658777535.886888;4619
1658777535.898083;5075
1658777535.9092789;5381
1658777535.9204755;5773
1658777535.9317005;6510
1658777535.9439955;6522
1658777535.9552033;7799
1658777535.9663982;8836
1658777535.9775918;10106
1658777535.9887838;13143
1658777535.9999788;14690
1658777536.011175;16011
1658777536.0223577;16954
1658777536.0335884;16310
1658777536.044788;15069
1658777536.0559828;11602
1658777536.0671742;9913
1658777536.0783668;8449
1658777536.0895605;6231
1658777536.1008017;5457
1658777536.1119976;4866
1658777536.1231916;4177
1658777536.1344159;4189
1658777536.1456008;4195
1658777536.1567986;4211
1658777536.167993;4246
1658777536.1791859;4346
1658777536.1903818;4638
1658777536.2015746;4829
1658777536.2127697;5088
1658777536.2239652;5793
1658777536.2351916;6254
1658777536.246389;6499
1658777536.2575827;7009
1658777536.268774;7893
1658777536.279973;8970
1658777536.2911646;11734
1658777536.3023596;13282
1658777536.3135524;14785
1658777536.3247452;16770
1658777536.3359714;16756
1658777536.347156;15928
1658777536.3583543;12751
1658777536.3695498;10947
1658777536.3807821;9359
1658777536.3919785;6857
1658777536.4031725;5933
1658777536.4143674;4710
1658777536.42556;4289
1658777536.4367814;4186
1658777536.4479835;4194
1658777536.4591777;4200
1658777536.4703734;4212
1658777536.4815652;4373
1658777536.4927585;4519
1658777536.5039525;4680
1658777536.5151472;5147
1658777536.526341;5458
1658777536.53756;5857
1658777536.5487587;6448
1658777536.5599551;6473
1658777536.5711458;7031
1658777536.5823395;8955
1658777536.5935225;10205
1658777536.6047187;11627
1658777536.6159143;14490
1658777536.6271079;15612
1658777536.638335;16216
1658777536.6495316;15193
1658777536.6608138;13767
1658777536.672012;12056
1658777536.6832063;8918
1658777536.6944008;7681
1658777536.7055936;6641
1658777536.7167883;5138
1658777536.727986;4632
1658777536.7392137;4248
1658777536.7504153;4180
1658777536.7616074;4188
1658777536.7728002;4190
1658777536.7842946;4230
1658777536.7957594;4317
1658777536.806998;4446
1658777536.818194;4788
1658777536.829391;5024
1658777536.8405845;5329
1658777536.8517826;6121
1658777536.8629785;6465
1658777536.8741748;6484
1658777536.8853698;7457
1658777536.896565;8401
1658777536.90776;10888
1658777536.9189522;12387
1658777536.9301581;13900
1658777536.941397;16285
1658777536.9525926;16745
1658777536.963794;16466
1658777536.9749894;14118
1658777536.9861844;12416
1658777536.997377;10701
1658777537.0086017;7845
1658777537.019849;6744
1658777537.0310442;5866
1658777537.0422723;4684
1658777537.053472;4267
1658777537.064667;4176
1658777537.07586;4194
1658777537.087054;4196
1658777537.0982378;4215
1658777537.1094325;4351
1658777537.1206307;4488
1658777537.1318226;4646
1658777537.1430519;5105
1658777537.1542358;5420
1658777537.1654344;5802
1658777537.1766355;6499
1658777537.1878319;6472
1658777537.199025;6925
1658777537.2102237;8802
1658777537.2214146;10025
1658777537.232607;11423
1658777537.2438352;14426
1658777537.2550342;15685
1658777537.2662299;16515
1658777537.2774272;16028
1658777537.2886224;14752
1658777537.2998576;13116
1658777537.3110526;9708
1658777537.3222458;8312
1658777537.3334417;7144
1658777537.3446586;5423
1658777537.3558574;4860
1658777537.3670537;4427
1658777537.3782501;4191
1658777537.389445;4185
1658777537.400643;4201
1658777537.4118361;4233
1658777537.4230292;4311
1658777537.4342237;4423
1658777537.4454489;4744
1658777537.4566436;4976
1658777537.467839;5244
1658777537.4790301;5981
1658777537.4902322;6370
1658777537.5014343;6518
1658777537.5126295;7199
1658777537.523825;8101
1658777537.5350206;10391
1658777537.5462487;11790
1658777537.5574353;13233
1658777537.5686336;15586
1658777537.5798616;16095
1658777537.5910513;15893
1658777537.6022477;13587
1658777537.6134505;11960
1658777537.624647;10346
1658777537.635839;7688
1658777537.647067;6658
1658777537.658264;5822
1658777537.6694582;4665
1658777537.6806545;4277
1658777537.6918502;4111
1658777537.7030447;4183
1658777537.714238;4192
1658777537.7254307;4202
1658777537.7366264;4293
1658777537.7478569;4391
1658777537.7590542;4539
1658777537.770254;4927
1658777537.7814465;5173
1658777537.792633;5491
1658777537.8038402;6310
1658777537.8150377;6496
1658777537.8262317;6466
1658777537.837427;7747
1658777537.8486428;8725
1658777537.8598735;9904
1658777537.8710687;12685
1658777537.882262;14109
1658777537.8934555;15332
1658777537.9046543;16451
1658777537.9158494;16059
1658777537.9270458;15067
1658777537.938242;12044
1658777537.9494705;10419
1658777537.9606705;8940
1658777537.9718626;6665
1658777537.9830568;5816
1658777537.9942508;5156
1658777538.005444;4268
1658777538.0166402;4172
1658777538.0278347;4193
1658777538.0390303;4202
1658777538.05026;4207
1658777538.0614433;4247
1658777538.07264;4443
1658777538.0838366;4598
1658777538.0950193;4767
1658777538.1062174;5287
1658777538.1185722;5633
1658777538.1297755;6433
1658777538.140975;6467
1658777538.1522293;6573
1658777538.1636243;8182
1658777538.1748314;9276
1658777538.18602;10528
1658777538.1972127;13425
1658777538.2084074;14794
1658777538.219603;15882
1658777538.2308323;16388
1658777538.2420275;15592
1658777538.2532625;14249
1658777538.2644594;10946
1658777538.2756555;9416
1658777538.2868555;8075
1658777538.2980525;6075
1658777538.3092468;5356
1658777538.3204434;4810
1658777538.331635;4152
1658777538.3428168;4195
1658777538.3540466;4190
1658777538.3652442;4202
1658777538.3764422;4230
1658777538.387635;4295
1658777538.3988314;4536
1658777538.4100292;4693
1658777538.4212172;5159
1658777538.4324105;5461
1658777538.4436038;5838
1658777538.4548292;6419
1658777538.4660234;6400
1658777538.4772203;6838
1658777538.488415;8602
1658777538.4996078;9719
1658777538.5108418;10995
1658777538.5220425;13741
1658777538.5332377;14919
1658777538.5444303;15696
1658777538.5556564;15470
1658777538.5668547;14391
1658777538.5780394;12930
1658777538.5892386;9828
1658777538.6004353;8494
1658777538.6116316;7355
1658777538.6228275;5639
1658777538.6340194;5040
1658777538.6452124;4580
1658777538.6564407;4117
1658777538.6676366;4183
1658777538.6788304;4189
1658777538.6900208;4202
1658777538.7012146;4223
1658777538.7124085;4288
1658777538.7236028;4524
1658777538.7347949;4691
1658777538.7459884;4885
1658777538.757219;5437
1658777538.7684157;5794
1658777538.7796113;6243
1658777538.7908442;6448
1658777538.8020391;6743
1658777538.8132317;7487
1658777538.824426;9502
1658777538.8356202;10772
1658777538.8468032;12142
1658777538.858031;14888
1658777538.869228;15845
1658777538.8804228;16350
1658777538.8916147;15507
1658777538.902809;14275
1658777538.914002;12756
1658777538.9251966;9633
1658777538.9363916;8292
1658777538.9475846;7167
1658777538.958811;5517
1658777538.9700139;4939
1658777538.9812052;4486
1658777538.9923995;4189
1658777539.0035946;4193
1658777539.0147936;4198
1658777539.0259943;4208
1658777539.037191;4263
1658777539.0483847;4466
1658777539.0596123;4625
1658777539.0708513;4791
1658777539.0820804;5323
1658777539.0932882;5667
1658777539.1044881;6080
1658777539.1156938;6457
1658777539.1268904;6566
1658777539.1380877;7240
1658777539.1492846;9163
1658777539.1605263;10406
1658777539.1717222;11747
1658777539.1829169;14543
1658777539.1941123;15653
1658777539.2052982;16286
1658777539.2164965;15654
1658777539.2276912;14442
1658777539.2388878;12886
1658777539.2500865;9718
1658777539.2613132;8377
1658777539.2725115;7232
1658777539.2837074;5547
1658777539.2949016;4973
1658777539.3060946;4513
1658777539.3172908;4185
1658777539.328484;4193
1658777539.339682;4202
1658777539.3509285;4220
1658777539.3621583;4259
1658777539.373355;4337
1658777539.3845487;4605
1658777539.3957434;4778
1658777539.406938;4999
1658777539.4181328;5594
1658777539.4293284;5984
1658777539.440525;6357
1658777539.4517183;6447
1658777539.4629455;7039
1658777539.474143;7854
1658777539.4853363;9986
1658777539.496532;11264
1658777539.5077267;12595
1658777539.5189195;15006
1658777539.530117;15670
1658777539.541309;15788
1658777539.5524983;14146
1658777539.5637262;12687
1658777539.5749218;11139
1658777539.5861158;8401
1658777539.5973024;7298
1658777539.608499;6373
1658777539.6196923;5032
1658777539.6309173;4567
1658777539.6421146;4095
1658777539.65331;4194
1658777539.664535;4191
1658777539.6757305;4203
1658777539.6869261;4215
1658777539.698125;4285
1658777539.709319;4506
1658777539.720514;4651
1658777539.731708;4836
1658777539.7429016;5349
1658777539.754096;5706
1658777539.765321;6107
1658777539.7765172;6453
1658777539.7877126;6539
1658777539.798907;7178
1658777539.8101013;9003
1658777539.8212934;10195
1658777539.832489;11494
1658777539.8436728;14192
1658777539.8548706;15324
1658777539.866098;16049
1658777539.8772838;15773
1658777539.888484;14811
1658777539.899678;13485
1658777539.9109037;10400
1658777539.9220986;8993
1658777539.933293;7771
1658777539.944485;5918
1658777539.9556775;5260
1658777539.9669049;4751
1658777539.9781024;4133
1658777539.9892972;4196
1658777540.0004964;4202
1658777540.0116923;4212
1658777540.022887;4224
1658777540.0340788;4277
1658777540.0452719;4496
1658777540.056471;4649
1658777540.067697;4829
1658777540.0788941;5354
1658777540.0900836;5688
1658777540.1012716;6128
1658777540.1124687;6440
1658777540.1236627;6588
1658777540.1348565;7270
1658777540.1460502;9166
1658777540.1572442;10397
1658777540.1684716;11730
1658777540.179667;14447
1658777540.1908948;15533
1658777540.2020903;16206
1658777540.2132828;15659
1658777540.2244651;14495
1658777540.2356608;12979
1658777540.2468565;9848
1658777540.258051;8511
1658777540.2692795;6396
1658777540.28048;5624
1658777540.2927806;5031
1658777540.3039865;4196
1658777540.315181;4169
1658777540.3263726;4194
1658777540.337566;4206
1658777540.3487482;4211
1658777540.3599484;4248
1658777540.3711815;4420
1658777540.3823798;4561
1658777540.393572;4724
1658777540.4047668;5169
1658777540.4159617;5483
1658777540.4271548;5836
1658777540.438349;6414
1658777540.4495401;6359
1658777540.4607706;6759
1658777540.4719963;8406
1658777540.4831934;9471
1658777540.4943886;10675
1658777540.5056088;13301
1658777540.5168033;14487
1658777540.527998;15367
1658777540.5391908;15494
1658777540.5503936;14621
1658777540.5615864;13310
1658777540.572815;10305
1658777540.5840125;8953
1658777540.595198;7790
1658777540.6063962;5949
1658777540.6178765;5282
1658777540.6293566;4377
1658777540.6405878;4071
1658777540.6517818;4168
1658777540.6629803;4189
1658777540.6742218;4198
1658777540.685418;4207
1658777540.6966105;4315
1658777540.7078075;4402
1658777540.7190034;4556
1658777540.730197;4922
1658777540.7414627;5161
1658777540.7526948;5462
1658777540.7639022;6256
1658777540.7751372;6462
1658777540.7863407;6421
1658777540.7975392;7443
1658777540.8087344;8307
1658777540.819934;9360
1658777540.8311257;11938
1658777540.842312;13309
1658777540.8535097;14581
1658777540.8647053;16172
1658777540.8759358;16165
1658777540.8871343;15567
1658777540.8983295;13030
1658777540.9095259;11472
1658777540.9207573;9955
1658777540.9319522;7451
1658777540.9431481;6489
1658777540.9543433;5694
1658777540.9655387;4610
1658777540.976769;4244
1658777540.9879656;4137
1658777540.9991603;4201
1658777541.0103564;4201
1658777541.0215495;4209
1658777541.0327442;4296
1658777541.0439425;4402
1658777541.0551393;4533
1658777541.0663342;4875
1658777541.077562;5128
1658777541.0887592;5772
1658777541.0999475;6207
1658777541.111143;6448
1658777541.1223264;6549
1658777541.1335258;7180
1658777541.1447222;7922
1658777541.1559134;9640
1658777541.167109;10571
1658777541.1783373;11544
1658777541.189533;13185
1658777541.200761;13800
1658777541.211953;14203
1658777541.223148;14371
1658777541.234338;14167
1658777541.2455313;13771
1658777541.2567334;12657
1658777541.2679298;12023
1658777541.2791607;11405
1658777541.2903636;10252
1658777541.3015556;9721
1658777541.312753;9253
1658777541.32395;8439
1658777541.335155;8086
1658777541.346342;7753
1658777541.357536;7225
1658777541.3687308;6990
1658777541.3799622;6804
1658777541.3911586;6478
1658777541.4023538;6319
1658777541.4135504;6191
1658777541.4247463;5941
1658777541.4359417;5840
1658777541.4471438;5738
1658777541.4583385;5554
1658777541.4695337;5458
1658777541.480803;5384
1658777541.4920013;5250
1658777541.5031984;5161
1658777541.514395;5098
1658777541.52559;4985
1658777541.536784;4942
1658777541.547977;4887
1658777541.5591698;4797
1658777541.570369;4729
1658777541.581595;4702
1658777541.5927813;4638
1658777541.6039796;4597
1658777541.6151738;4567
1658777541.6263716;4507
1658777541.6375575;4488
1658777541.648757;4461
1658777541.659957;4426
1658777541.6711476;4408
1658777541.682374;4356
1658777541.6935694;4345
1658777541.7047658;4334
1658777541.7159622;4322
1658777541.7271585;4305
1658777541.7383575;4307
1658777541.749555;4296
1658777541.7608542;4286
1658777541.7720532;4285
1658777541.7832835;4275
1658777541.7944791;4279
1658777541.8056755;4273
1658777541.8168714;4270
1658777541.8280647;4262
1658777541.8392603;4263
1658777541.8504572;4270
1658777541.8616514;4264
1658777541.872847;4261
1658777541.884077;4255
1658777541.8952756;4261
1658777541.9064732;4257
1658777541.9176729;4258
1658777541.9288707;4254
1658777541.940068;4257
1658777541.9512486;4253
1658777541.9624453;4253
1658777541.9736567;4257
1658777541.9850967;4254
1658777541.9963112;4259
1658777542.0075145;4250
1658777542.0187142;4254
1658777542.029915;4249
1658777542.041109;4258
1658777542.0523016;4257
1658777542.0634956;4253
1658777542.0746906;4251
1658777542.0859206;4247
1658777542.0971081;4258
1658777542.108307;4252
1658777542.1195056;4252
1658777542.1307037;4250
1658777542.1418898;4252
1658777542.1530855;4252
1658777542.1642797;4252
1658777542.175475;4254
1658777542.1867032;4249
1658777542.1979005;4254
1658777542.2090948;4252
1658777542.2202935;4249
1658777542.2314863;4250
1658777542.242681;4249
1658777542.2538755;4254
1658777542.2650595;4245
1658777542.276257;4253
1658777542.2874842;4248
1658777542.2986825;4248
1658777542.3099113;4253
1658777542.3211062;4253
1658777542.3322997;4248
1658777542.3434868;4243
1658777542.3546848;4254
1658777542.365878;4249
1658777542.3770735;4253
1658777542.3883016;4248
1658777542.399497;4252
1658777542.4106958;4252
1658777542.421889;4248
1658777542.4330797;4251
1658777542.4442742;4241
1658777542.4554706;4254
1658777542.4678283;4248
1658777542.4790397;4248
1658777542.4902768;4248
1658777542.501473;4254
1658777542.5126672;4256
1658777542.5238605;4247
1658777542.5350554;4250
1658777542.5462475;4242
1658777542.557441;4252
1658777542.5686352;4246
1658777542.5798705;4251
1658777542.591098;4247
1658777542.6022978;4249
1658777542.6134934;4257
1658777542.624687;4248
1658777542.6358798;4247
1658777542.6470737;4250
1658777542.6582572;4254
1658777542.6694531;4256
1658777542.6806498;4248
1658777542.6918797;4250
1658777542.7030766;4248
1658777542.7142725;4253
1658777542.725467;4244
1658777542.7366605;4249
1658777542.7478557;4246
1658777542.7590501;4252
1658777542.770245;4250
1658777542.7814405;4249
1658777542.792666;4248
1658777542.8038611;4251
1658777542.8150544;4253
1658777542.8262472;4250
1658777542.8374348;4250
1658777542.8486195;4250
1658777542.85985;4254
1658777542.8710465;4254
1658777542.8822415;4249
1658777542.8934667;4250
1658777542.9046614;4248
1658777542.9158576;4255
1658777542.927051;4249
1658777542.9382436;4250
1658777542.949437;4250
1658777542.9606338;4251
1658777542.9718237;4258
1658777542.9830165;4248
1658777542.9942415;4254
1658777543.0054379;4247
1658777543.0166364;4247
1658777543.0278294;4250
1658777543.0390232;4254
1658777543.050221;4247
1658777543.0614116;4256
1658777543.072605;4253
1658777543.0837982;4247
1658777543.0950162;4250
1658777543.106214;4246
1658777543.1174085;4250
1658777543.1286044;4248
1658777543.1397948;4248
1658777543.15099;4252
1658777543.1621735;4252
1658777543.1733716;4255
1658777543.1845658;4248
1658777543.1957943;4251
1658777543.2069921;4246
1658777543.2181885;4255
1658777543.229383;4252
1658777543.240579;4252
1658777543.2517679;4253
1658777543.2629635;4251
1658777543.274158;4251
1658777543.285341;4248
1658777543.2965698;4250
1658777543.3077626;4250
1658777543.3189602;4253
1658777543.330158;4254
1658777543.3413386;4250
1658777543.3525357;4249
1658777543.363733;4248
1658777543.3749266;4252
1658777543.3861215;4249
1658777543.39735;4250
1658777543.4085462;4252
1658777543.419742;4254
1658777543.4309368;4255
1658777543.4421332;4247
1658777543.4533257;4254
1658777543.4645214;4247
1658777543.4757175;4254
1658777543.486912;4248
1658777543.4981418;4252
1658777543.5093396;4247
1658777543.5205393;4254
1658777543.5317352;4251
1658777543.542932;4251
1658777543.554125;4250
1658777543.565317;4252
1658777543.5765095;4254
1658777543.5877032;4247
1658777543.5989194;4246
1658777543.6101236;4251
1658777543.6213164;4249
1658777543.6325107;4255
1658777543.643705;4248
1658777543.6548982;4251
1658777543.666092;4247
1658777543.6772733;4254
1658777543.6884694;4247
1658777543.6996956;4250
1658777543.7109172;4250
1658777543.722118;4251
1658777543.733313;4253
1658777543.7445068;4249
1658777543.7557;4253
1658777543.766891;4249
1658777543.7780826;4253
1658777543.7892768;4249
1658777543.8005073;4250
1658777543.811705;4252
1658777543.8229003;4250
1658777543.8340955;4248
1658777543.8452792;4246
1658777543.8564763;4250
1658777543.8676703;4251
1658777543.8788638;4251
1658777543.890062;4255
1658777543.9012837;4247
1658777543.9124796;4251
1658777543.9236763;4247
1658777543.934874;4254
1658777543.9460678;4248
1658777543.957264;4252
1658777543.968456;4247
1658777543.9796476;4250
1658777543.9908807;4252
1658777544.0021083;4251
1658777544.0133038;4249
1658777544.024499;4252
1658777544.035682;4251
1658777544.046878;4248
1658777544.0580745;4251
1658777544.0692706;4251
1658777544.0804684;4252
1658777544.0916505;4251
1658777544.1028821;4246
1658777544.1140797;4251
1658777544.1252754;4247
1658777544.136469;4249
1658777544.147661;4244
1658777544.1588528;4252
1658777544.1700504;4251
1658777544.181232;4251
1658777544.192427;4254
1658777544.2036526;4249
1658777544.2148507;4253
1658777544.2260435;4249
1658777544.2372372;4253
1658777544.2484303;4245
1658777544.259625;4249
1658777544.2708533;4249
1658777544.2820473;4250
1658777544.2932413;4252
1658777544.3044565;4245
1658777544.3156557;4253
1658777544.3268483;4252
1658777544.3380446;4247
1658777544.349229;4245
1658777544.3604264;4246
1658777544.3716178;4251
1658777544.382816;4249
1658777544.3940105;4253
1658777544.4052384;4245
1658777544.4164355;4250
1658777544.4276311;4247
1658777544.4388244;4251
1658777544.4500206;4245
1658777544.4612103;4249
1658777544.472404;4252
